"2016_1112_1114","0.854658814"
"2016_1112_1122","0.9990984247996321",
"2016_1112_1124","0.9336297802113157",
"2016_1112_1138","0.9864256492953554",
"2016_1112_1139","0.979408805560893",
"2016_1112_1143","0.9834999821994052",
"2016_1112_1151","0.9973866166754324",
"2016_1112_1153","0.9410566873567181",
"2016_1112_1160","0.9744670069246101",
"2016_1112_1163","0.9720823983658488",
"2016_1112_1167","0.9980994964313935",
"2016_1112_1173","0.974375548240699",
"2016_1112_1181","0.699300936854244",
"2016_1112_1192","0.9986003498278169",
"2016_1112_1195","0.9906750498534533",
"2016_1112_1201","0.9928114973569241",
"2016_1112_1211","0.6113940525075562",
"2016_1112_1214","0.9967391190472727",
"2016_1112_1218","0.9946107417135654",
"2016_1112_1221","0.9933045691359506",
"2016_1112_1231","0.8738712232218397",
"2016_1112_1233","0.9683212588050836",
"2016_1112_1234","0.8736688610641706",
"2016_1112_1235","0.8712187920864536",
"2016_1112_1242","0.77656761584932",
"2016_1112_1246","0.6756578868726585",
"2016_1112_1268","0.9640085321794962",
"2016_1112_1274","0.935977726891358",
"2016_1112_1276","0.9254679701918882",
"2016_1112_1277","0.838811737771987",
"2016_1112_1292","0.9724288303022111",
"2016_1112_1314","0.8884562306288242",
"2016_1112_1320","0.9770263941060255",
"2016_1112_1323","0.9503609708777652",
"2016_1112_1328","0.9249601729228832",
"2016_1112_1332","0.9418655968255487",
"2016_1112_1333","0.9901525975456755",
"2016_1112_1338","0.9401340581384839",
"2016_1112_1344","0.9734906335019506",
"2016_1112_1345","0.974052924154521",
"2016_1112_1355","0.9860521672033838",
"2016_1112_1371","0.987465213869304",
"2016_1112_1372","0.9620492595551866",
"2016_1112_1380","0.9947849019238851",
"2016_1112_1386","0.9881500384014358",
"2016_1112_1392","0.9750537858198045",
"2016_1112_1393","0.8746778998623445",
"2016_1112_1396","0.9889191540998359",
"2016_1112_1400","0.9625153926372226",
"2016_1112_1401","0.9842849038037731",
"2016_1112_1403","0.9937526524907978",
"2016_1112_1409","0.9889392410488375",
"2016_1112_1421","0.9968905477591031",
"2016_1112_1423","0.9965552391202194",
"2016_1112_1425","0.9939212093057511",
"2016_1112_1428","0.9412598984076224",
"2016_1112_1433","0.8984068904837155",
"2016_1112_1435","0.9871665311821741",
"2016_1112_1437","0.8365666318825888",
"2016_1112_1438","0.6695979474749723",
"2016_1112_1451","0.9930686990353423",
"2016_1112_1452","0.9837658144932306",
"2016_1112_1453","0.9860773781515713",
"2016_1112_1455","0.8592450742206328",
"2016_1112_1458","0.6205079950207437",
"2016_1112_1462","0.9668836189567653",
"2016_1112_1463","0.9914854597225863",
"2016_1114_1122","0.7248667182714292",
"2016_1114_1124","0.032361114288354864",
"2016_1114_1138","0.14731374426525146",
"2016_1114_1139","0.10159310951628464",
"2016_1114_1143","0.124120375681124",
"2016_1114_1151","0.47570909750432966",
"2016_1114_1153","0.03656879651675349",
"2016_1114_1160","0.08318689932746959",
"2016_1114_1163","0.07645270053429765",
"2016_1114_1167","0.5552734558758425",
"2016_1114_1173","0.0829074704292142",
"2016_1114_1181","0.00549852471016532",
"2016_1114_1192","0.6291097107897561",
"2016_1114_1195","0.20164574618078823",
"2016_1114_1201","0.24718638252779768",
"2016_1114_1211","0.003726482338930248",
"2016_1114_1214","0.42086066484967766",
"2016_1114_1218","0.3049598934691372",
"2016_1114_1221","0.26074096061901364",
"2016_1114_1231","0.016204909852697846",
"2016_1114_1233","0.06774757970701784",
"2016_1114_1234","0.016175686124332622",
"2016_1114_1235","0.01582901934436176",
"2016_1114_1242","0.0081953594468811",
"2016_1114_1246","0.00492818100000203",
"2016_1114_1268","0.05986594186151606",
"2016_1114_1274","0.03358959264636474",
"2016_1114_1276","0.028674249538566232",
"2016_1114_1277","0.012220801121940905",
"2016_1114_1292","0.07736446499186567",
"2016_1114_1314","0.018584561599514937",
"2016_1114_1320","0.09182393420773238",
"2016_1114_1323","0.043535437393437015",
"2016_1114_1328","0.028470552285301487",
"2016_1114_1332","0.03708944850270168",
"2016_1114_1333","0.19293021436477742",
"2016_1114_1338","0.035991467820503775",
"2016_1114_1344","0.08029520189513939",
"2016_1114_1345","0.08193618130487734",
"2016_1114_1355","0.14389023575083415",
"2016_1114_1371","0.15774548541689937",
"2016_1114_1372","0.0568421077512834",
"2016_1114_1380","0.31200457865742814",
"2016_1114_1386","0.1654500805063407",
"2016_1114_1392","0.0850241451534457",
"2016_1114_1393","0.016322324915056807",
"2016_1114_1396","0.17503739806478613",
"2016_1114_1400","0.05753456864810813",
"2016_1114_1401","0.1296068509776228",
"2016_1114_1403","0.2744020712803159",
"2016_1114_1409","0.17530248833849293",
"2016_1114_1421","0.4325294198581805",
"2016_1114_1423","0.4075065335635113",
"2016_1114_1425","0.2799154988564221",
"2016_1114_1428","0.036698296537925446",
"2016_1114_1433","0.02059119443910684",
"2016_1114_1435","0.1546023567734649",
"2016_1114_1437","0.012023068611672794",
"2016_1114_1438","0.004795044273712912",
"2016_1114_1451","0.25407782764938336",
"2016_1114_1452","0.12592669205035445",
"2016_1114_1453","0.14411639496783546",
"2016_1114_1455","0.014305547240187733",
"2016_1114_1458","0.0038722954347493177",
"2016_1114_1462","0.06490746330651775",
"2016_1114_1463","0.21681847824199674",
"2016_1122_1124","0.012534786130695919",
"2016_1122_1138","0.061539634080268746",
"2016_1122_1139","0.041155177130203",
"2016_1122_1143","0.05104232730220826",
"2016_1122_1151","0.25616979182999844",
"2016_1122_1153","0.014202430455554471",
"2016_1122_1160","0.03329307614541299",
"2016_1122_1163","0.030463705466779456",
"2016_1122_1167","0.32153400766109363",
"2016_1122_1173","0.033175178551668405",
"2016_1122_1181","0.002094186090676131",
"2016_1122_1192","0.39166167253307094",
"2016_1122_1195","0.08748220702639198",
"2016_1122_1201","0.11081854422087223",
"2016_1122_1211","0.0014177162139253907",
"2016_1122_1214","0.21619602464707754",
"2016_1122_1218","0.14276386570189037",
"2016_1122_1221","0.11806811515070237",
"2016_1122_1231","0.006213268634704172",
"2016_1122_1233","0.026842825149094196",
"2016_1122_1234","0.006201950112610821",
"2016_1122_1235","0.00606771565079256",
"2016_1122_1242","0.0031265606933356116",
"2016_1122_1246","0.001876296898708163",
"2016_1122_1268","0.02359951025941398",
"2016_1122_1274","0.013020753818114517",
"2016_1122_1276","0.011080845900164116",
"2016_1122_1277","0.004674015098920514",
"2016_1122_1292","0.030845329284258316",
"2016_1122_1314","0.007136315297659346",
"2016_1122_1320","0.03695862115130366",
"2016_1122_1323","0.016983215866794965",
"2016_1122_1328","0.011000713890096825",
"2016_1122_1332","0.014409401761063867",
"2016_1122_1333","0.08318689932746959",
"2016_1122_1338","0.013973088749640872",
"2016_1122_1344","0.032075082410187306",
"2016_1122_1345","0.03276570397230849",
"2016_1122_1355","0.05996928701706805",
"2016_1122_1371","0.0663702197886844",
"2016_1122_1372","0.022363921496930006",
"2016_1122_1380","0.14685341334066637",
"2016_1122_1386","0.06998269475917906",
"2016_1122_1392","0.03406932787297989",
"2016_1122_1393","0.006258748359501243",
"2016_1122_1396","0.07453202980811191",
"2016_1122_1400","0.022646448072386804",
"2016_1122_1401","0.05349583756502574",
"2016_1122_1403","0.1255233539612466",
"2016_1122_1409","0.07465868213230997",
"2016_1122_1421","0.22438886651192858",
"2016_1122_1423","0.20701467357454117",
"2016_1122_1425","0.1285754987148281",
"2016_1122_1428","0.014253896949461442",
"2016_1122_1433","0.007916816736839638",
"2016_1122_1435","0.06490746330651775",
"2016_1122_1437","0.0045978211825095094",
"2016_1122_1438","0.0018254567579476522",
"2016_1122_1451","0.11448629629030038",
"2016_1122_1452","0.051848097623045875",
"2016_1122_1453","0.06007279917534036",
"2016_1122_1455","0.005478495510999548",
"2016_1122_1458","0.0014733234645197824",
"2016_1122_1462","0.025670300644842214",
"2016_1122_1463","0.09508789354177105",
"2016_1124_1138","0.8378170037726339",
"2016_1124_1139","0.7717561540020109",
"2016_1124_1143","0.8090616688046315",
"2016_1124_1151","0.9644514895536452",
"2016_1124_1153","0.5316067192693615",
"2016_1124_1160","0.7306824276071429",
"2016_1124_1163","0.7122530238678118",
"2016_1124_1167","0.9739134494031519",
"2016_1124_1173","0.7299597236503743",
"2016_1124_1181","0.14186806890535786",
"2016_1124_1192","0.9806647499404023",
"2016_1124_1195","0.8830733488524054",
"2016_1124_1201","0.9075622236718234",
"2016_1124_1211","0.10059275613045504",
"2016_1124_1214","0.9560038647148583",
"2016_1124_1218","0.9291767840594068",
"2016_1124_1221","0.9133925955023553",
"2016_1124_1231","0.32999627180579094",
"2016_1124_1233","0.6848360657702348",
"2016_1124_1234","0.3295907441410648",
"2016_1124_1235","0.32474431107863044",
"2016_1124_1242","0.19812467443096204",
"2016_1124_1246","0.1289871975130501",
"2016_1124_1268","0.6556541072551925",
"2016_1124_1274","0.5096310885891068",
"2016_1124_1276","0.4688501542391206",
"2016_1124_1277","0.27004027634962546",
"2016_1124_1292","0.7148779959405029",
"2016_1124_1314","0.3615222589470436",
"2016_1124_1320","0.7514454276145419",
"2016_1124_1323","0.5764538882184598",
"2016_1124_1328","0.46702298115068364",
"2016_1124_1332","0.5352597361366891",
"2016_1124_1333","0.8772691222810151",
"2016_1124_1338","0.5274930415038541",
"2016_1124_1344","0.7230334127772058",
"2016_1124_1345","0.7274206586139895",
"2016_1124_1355","0.8340426344274524",
"2016_1124_1371","0.8484894099676972",
"2016_1124_1372","0.6431230706517557",
"2016_1124_1380","0.9313195024537062",
"2016_1124_1386","0.8556571502824194",
"2016_1124_1392","0.7353501288238127",
"2016_1124_1393","0.3316209085360686",
"2016_1124_1396","0.863840721994502",
"2016_1124_1400","0.6460653024183978",
"2016_1124_1401","0.8165973433042265",
"2016_1124_1403","0.918751239952892",
"2016_1124_1409","0.8640563776101648",
"2016_1124_1421","0.9579671841549376",
"2016_1124_1423","0.953629801136664",
"2016_1124_1425","0.9207820639506762",
"2016_1124_1428","0.5325203065729229",
"2016_1124_1433","0.3859936954004217",
"2016_1124_1435","0.8453976432265351",
"2016_1124_1437","0.2667977468658411",
"2016_1124_1438","0.12592669205035434",
"2016_1124_1451","0.9105949330002833",
"2016_1124_1452","0.8115995220462732",
"2016_1124_1453","0.8342964325297124",
"2016_1124_1455","0.30263159955027774",
"2016_1124_1458","0.1041326712665347",
"2016_1124_1462","0.6748532322373837",
"2016_1124_1463","0.8922177702915322",
"2016_1138_1139","0.39560294348808345",
"2016_1138_1143","0.4506240098508393",
"2016_1138_1151","0.8400482172937882",
"2016_1138_1153","0.1801282660094079",
"2016_1138_1160","0.3443458927448074",
"2016_1138_1163","0.3239401743356126",
"2016_1138_1167","0.8784494522348968",
"2016_1138_1173","0.3435179105172722",
"2016_1138_1181","0.031010295641596186",
"2016_1138_1192","0.9075622236718235",
"2016_1138_1195","0.5938217385449778",
"2016_1138_1201","0.6552397610068482",
"2016_1138_1211","0.021191619844878495",
"2016_1138_1214","0.8079253799358477",
"2016_1138_1218","0.7174885198830825",
"2016_1138_1221","0.6712195502452185",
"2016_1138_1231","0.0870438115615434",
"2016_1138_1233","0.29608983428754465",
"2016_1138_1234","0.08689812194916702",
"2016_1138_1235","0.08516698598290817",
"2016_1138_1242","0.04564546208612785",
"2016_1138_1246","0.027867853721617042",
"2016_1138_1268","0.2693175723928569",
"2016_1138_1274","0.16748669617606704",
"2016_1138_1276","0.14593632443414362",
"2016_1138_1277","0.06682642481596457",
"2016_1138_1292","0.3267591732385491",
"2016_1138_1314","0.09878148186361602",
"2016_1138_1320","0.369179531986633",
"2016_1138_1323","0.208524655903069",
"2016_1138_1328","0.14502398913852843",
"2016_1138_1332","0.1823060938492267",
"2016_1138_1333","0.5804803148967475",
"2016_1138_1338","0.1777025362392145",
"2016_1138_1344","0.3357000246834113",
"2016_1138_1345","0.3406274821101136",
"2016_1138_1355","0.4931202342192106",
"2016_1138_1371","0.520170966743851",
"2016_1138_1372","0.25862464606947466",
"2016_1138_1380","0.724134300133457",
"2016_1138_1386","0.5343468210724889",
"2016_1138_1392","0.349750666533473",
"2016_1138_1393","0.08762878191335077",
"2016_1138_1396","0.551192151780983",
"2016_1138_1400","0.2610947674907763",
"2016_1138_1401","0.4629151483896732",
"2016_1138_1403","0.6864179047017227",
"2016_1138_1409","0.5516459808945415",
"2016_1138_1421","0.8152194566206676",
"2016_1138_1423","0.7992388846166498",
"2016_1138_1425","0.692311105647542",
"2016_1138_1428","0.1806708127237766",
"2016_1138_1433","0.10849000884560189",
"2016_1138_1435","0.5142152481123934",
"2016_1138_1437","0.06580403193955386",
"2016_1138_1438","0.027131890378254364",
"2016_1138_1451","0.6634811772226734",
"2016_1138_1452","0.4547151152193336",
"2016_1138_1453","0.4935788330397465",
"2016_1138_1455","0.07749552743743182",
"2016_1138_1458","0.022005729507816096",
"2016_1138_1462","0.28662022514877095",
"2016_1138_1463","0.6157441761256293",
"2016_1139_1143","0.5561794204014971",
"2016_1139_1151","0.8891814557791278",
"2016_1139_1153","0.2513061195144094",
"2016_1139_1160","0.44517966459474945",
"2016_1139_1163","0.42265045265715306",
"2016_1139_1167","0.9169529220020451",
"2016_1139_1173","0.444273515547306",
"2016_1139_1181","0.046614201460023375",
"2016_1139_1192","0.9374997960288567",
"2016_1139_1195","0.6907456011208102",
"2016_1139_1201","0.7438302081700015",
"2016_1139_1211","0.03201817007078933",
"2016_1139_1214","0.8653442729565433",
"2016_1139_1218","0.7950857025032629",
"2016_1139_1221","0.7572251936362707",
"2016_1139_1231","0.12714336646848012",
"2016_1139_1233","0.3912246139931208",
"2016_1139_1234","0.126939892290449",
"2016_1139_1235","0.12451984757589918",
"2016_1139_1242","0.06809603876131864",
"2016_1139_1246","0.04195900094574534",
"2016_1139_1268","0.36025273802434",
"2016_1139_1274","0.23510165276384076",
"2016_1139_1276","0.20701467357454117",
"2016_1139_1277","0.09861826849046607",
"2016_1139_1292","0.42578744654055767",
"2016_1139_1314","0.14343880312161572",
"2016_1139_1320","0.47204968849495577",
"2016_1139_1323","0.2869955154619047",
"2016_1139_1328","0.20581251623555885",
"2016_1139_1332","0.25407782764938336",
"2016_1139_1333","0.6788661051810768",
"2016_1139_1338","0.24821205030860571",
"2016_1139_1344","0.43568440526957664",
"2016_1139_1345","0.4411049501382045",
"2016_1139_1355","0.5977982562400518",
"2016_1139_1371","0.6235275313149472",
"2016_1139_1372","0.3476672455362503",
"2016_1139_1380","0.8004138669790859",
"2016_1139_1386","0.6367820363522936",
"2016_1139_1392","0.4510782578481656",
"2016_1139_1393","0.12796005125549903",
"2016_1139_1396","0.6523327544637498",
"2016_1139_1400","0.3505856488457523",
"2016_1139_1401","0.5683710118879324",
"2016_1139_1403","0.7698112552483418",
"2016_1139_1409","0.6527487429138421",
"2016_1139_1421","0.8708065322603611",
"2016_1139_1423","0.8588006959310095",
"2016_1139_1425","0.7746517447427933",
"2016_1139_1428","0.2519971594631797",
"2016_1139_1433","0.15677287559582087",
"2016_1139_1435","0.6179123626615233",
"2016_1139_1437","0.09716012688078213",
"2016_1139_1438","0.040866547669960784",
"2016_1139_1451","0.7507594350650735",
"2016_1139_1452","0.5602515548244722",
"2016_1139_1453","0.5982393087997375",
"2016_1139_1455","0.11374438898538963",
"2016_1139_1458","0.03323407686570279",
"2016_1139_1462","0.3803564580110256",
"2016_1139_1463","0.7099916224638294",
"2016_1143_1151","0.8649161232354888",
"2016_1143_1153","0.21126302818383091",
"2016_1143_1160","0.3903510207880114",
"2016_1143_1163","0.36875235402589346",
"2016_1143_1167","0.8980714835757871",
"2016_1143_1173","0.389478130280447",
"2016_1143_1181","0.0375508593662055",
"2016_1143_1192","0.9228970508549132",
"2016_1143_1195","0.6405925259963107",
"2016_1143_1201","0.6985287663398523",
"2016_1143_1211","0.02571622940097229",
"2016_1143_1214","0.8368173252510375",
"2016_1143_1218","0.7558735035862981",
"2016_1143_1221","0.7133797748512292",
"2016_1143_1231","0.10413267126653492",
"2016_1143_1233","0.3389810997467779",
"2016_1143_1234","0.10396163623766042",
"2016_1143_1235","0.10192851642421297",
"2016_1143_1242","0.05509729823440268",
"2016_1143_1246","0.03376872442543488",
"2016_1143_1268","0.3100387985429587",
"2016_1143_1274","0.19696131966301622",
"2016_1143_1276","0.17240385058327645",
"2016_1143_1277","0.08029520189513939",
"2016_1143_1292","0.37174688701103353",
"2016_1143_1314","0.11787720319454087",
"2016_1143_1320","0.41639538277517274",
"2016_1143_1323","0.2431122516394154",
"2016_1143_1328","0.17135924969237037",
"2016_1143_1332","0.2137191624710919",
"2016_1143_1333","0.6278245113097942",
"2016_1143_1338","0.2085246559030689",
"2016_1143_1344","0.3812216704079596",
"2016_1143_1345","0.3864286195928496",
"2016_1143_1355","0.5425540459971061",
"2016_1143_1371","0.5692709919412519",
"2016_1143_1372","0.2983893339191894",
"2016_1143_1380","0.7619159490609045",
"2016_1143_1386","0.5831586931502826",
"2016_1143_1392","0.3960417112601279",
"2016_1143_1393","0.10481930019708419",
"2016_1143_1396","0.5995615100766625",
"2016_1143_1400","0.301085007499897",
"2016_1143_1401","0.5123818280630896",
"2016_1143_1403","0.7274206586139899",
"2016_1143_1409","0.6000019228525001",
"2016_1143_1421","0.8432271244041791",
"2016_1143_1423","0.8291611652177475",
"2016_1143_1425","0.7328431977205488",
"2016_1143_1428","0.21187511832228223",
"2016_1143_1433","0.1291934677396388",
"2016_1143_1435","0.5634132013990172",
"2016_1143_1437","0.07908421034497992",
"2016_1143_1438","0.03288219587130081",
"2016_1143_1451","0.7061993651569607",
"2016_1143_1452","0.5041280262041044",
"2016_1143_1453","0.5430093679233341",
"2016_1143_1455","0.0929005740292781",
"2016_1143_1458","0.026699417739670106",
"2016_1143_1462","0.3287804497547815",
"2016_1143_1463","0.6614298897778546",
"2016_1151_1153","0.04015342932126942",
"2016_1151_1160","0.09091004074777542",
"2016_1151_1163","0.0836076484354964",
"2016_1151_1167","0.5791393351503222",
"2016_1151_1173","0.09060723328543185",
"2016_1151_1181","0.006056660662172919",
"2016_1151_1192","0.6515000802921806",
"2016_1151_1195","0.2177545866124434",
"2016_1151_1201","0.26572242418030445",
"2016_1151_1211","0.00410548703947744",
"2016_1151_1214","0.44472654412415746",
"2016_1151_1218","0.3259524556141211",
"2016_1151_1221","0.2799154988564221",
"2016_1151_1231","0.01783032883777691",
"2016_1151_1233","0.07415325731117506",
"2016_1151_1234","0.017798226880067936",
"2016_1151_1235","0.017417402479873",
"2016_1151_1242","0.009024757478759637",
"2016_1151_1246","0.005428739389904291",
"2016_1151_1268","0.0655788163726434",
"2016_1151_1274","0.036893373995857126",
"2016_1151_1276","0.03151033452365226",
"2016_1151_1277","0.01345206193966686",
"2016_1151_1292","0.08459692569442878",
"2016_1151_1314","0.020443709361476325",
"2016_1151_1320","0.10026125397513475",
"2016_1151_1323","0.04776911093747194",
"2016_1151_1328","0.03128713913224401",
"2016_1151_1332","0.04072296063544123",
"2016_1151_1333","0.2085246559030689",
"2016_1151_1338","0.03952182987582409",
"2016_1151_1344","0.08777557876111275",
"2016_1151_1345","0.08955454742490632",
"2016_1151_1355","0.15628840416915712",
"2016_1151_1371","0.17109888521739047",
"2016_1151_1372","0.062285541921107024",
"2016_1151_1380","0.3332495653885563",
"2016_1151_1386","0.1793168309277573",
"2016_1151_1392","0.0929005740292781",
"2016_1151_1393","0.01795930611838381",
"2016_1151_1396","0.1895252017760215",
"2016_1151_1400","0.063039883424171",
"2016_1151_1401","0.14097696856673336",
"2016_1151_1403","0.29418144985353456",
"2016_1151_1409","0.1898071852232488",
"2016_1151_1421","0.45653538200378907",
"2016_1151_1423","0.43117894126636536",
"2016_1151_1425","0.29992802121658946",
"2016_1151_1428","0.04029509257129682",
"2016_1151_1433","0.022646448072386804",
"2016_1151_1435","0.16774267627456296",
"2016_1151_1437","0.01323467455504801",
"2016_1151_1438","0.005282151667177382",
"2016_1151_1451","0.2729432811344039",
"2016_1151_1452","0.13702478372456106",
"2016_1151_1453","0.1565304872327593",
"2016_1151_1455","0.01574350111785139",
"2016_1151_1458","0.0042660666637837075",
"2016_1151_1462","0.07106507244911364",
"2016_1151_1463","0.23378447687550807",
"2016_1153_1160","0.7050560572969125",
"2016_1153_1163","0.6856275239694262",
"2016_1153_1167","0.9704967286099937",
"2016_1153_1173","0.7042924161229913",
"2016_1153_1181","0.12714336646848012",
"2016_1153_1192","0.9781124170104205",
"2016_1153_1195","0.8693547641762778",
"2016_1153_1201","0.8963796889511979",
"2016_1153_1211","0.08970425315290742",
"2016_1153_1214","0.9503609708777652",
"2016_1153_1218","0.9203796460046019",
"2016_1153_1221","0.9028398731192179",
"2016_1153_1231","0.3026315995502781",
"2016_1153_1233","0.656895724475668",
"2016_1153_1234","0.30224453002951324",
"2016_1153_1235","0.2976216938957168",
"2016_1153_1242","0.1787774629734179",
"2016_1153_1246","0.11541960251250194",
"2016_1153_1268","0.6265375021143862",
"2016_1153_1274","0.4779975785453432",
"2016_1153_1276","0.43748961198716174",
"2016_1153_1277","0.24582326023873557",
"2016_1153_1292","0.6883891222521142",
"2016_1153_1314","0.332842025873223",
"2016_1153_1320","0.7270567188655961",
"2016_1153_1323","0.5452848847806665",
"2016_1153_1328","0.43568440526957675",
"2016_1153_1332","0.5036693741237678",
"2016_1153_1333","0.8629752162754389",
"2016_1153_1338","0.49587197379589554",
"2016_1153_1344","0.6969810504995471",
"2016_1153_1345","0.7016106660808106",
"2016_1153_1355","0.8157715696946739",
"2016_1153_1371","0.8314875091874026",
"2016_1153_1372","0.6135713804071503",
"2016_1153_1380","0.9227663943549193",
"2016_1153_1386","0.8393072536957362",
"2016_1153_1392","0.7099916224638294",
"2016_1153_1393","0.30418267844228775",
"2016_1153_1396","0.8482533964612655",
"2016_1153_1400","0.6166120081301116",
"2016_1153_1401","0.7968734015335879",
"2016_1153_1403","0.9087862413167894",
"2016_1153_1409","0.8484894099676972",
"2016_1153_1421","0.952563608587902",
"2016_1153_1423","0.9476990708816264",
"2016_1153_1425","0.9110420250309559",
"2016_1153_1428","0.5009173589706633",
"2016_1153_1433","0.3564559428094356",
"2016_1153_1435","0.8281190787181395",
"2016_1153_1437","0.24277480636372928",
"2016_1153_1438","0.11263938729604972",
"2016_1153_1451","0.8997387460248653",
"2016_1153_1452","0.7914753440969311",
"2016_1153_1453","0.8160471469397419",
"2016_1153_1455","0.27659932374555773",
"2016_1153_1458","0.0929005740292781",
"2016_1153_1462","0.6464847260155142",
"2016_1153_1463","0.8794255769590075",
"2016_1160_1163","0.47708206988756696",
"2016_1160_1167","0.9322524202929822",
"2016_1160_1173","0.49908264102933686",
"2016_1160_1181","0.05743516288874417",
"2016_1160_1192","0.9492236198776665",
"2016_1160_1195","0.7357070300537323",
"2016_1160_1201","0.7834929104338466",
"2016_1160_1211","0.03959153445094743",
"2016_1160_1214","0.8890005373848049",
"2016_1160_1218","0.8286407503076297",
"2016_1160_1221","0.7953844613783756",
"2016_1160_1231","0.15364559125639898",
"2016_1160_1233","0.44472654412415746",
"2016_1160_1234","0.15340715837525476",
"2016_1160_1235","0.15056955030487884",
"2016_1160_1242","0.08346718429069577",
"2016_1160_1246","0.05175797714729613",
"2016_1160_1268","0.41238830348453115",
"2016_1160_1274","0.2769665872227939",
"2016_1160_1276","0.24548327246603807",
"2016_1160_1277","0.11999200046957237",
"2016_1160_1292","0.4802869835868748",
"2016_1160_1314","0.17266578719535275",
"2016_1160_1320","0.5270357253690934",
"2016_1160_1323","0.3340653922867709",
"2016_1160_1328","0.2441264964137021",
"2016_1160_1332","0.2980053716624208",
"2016_1160_1333","0.724866718271429",
"2016_1160_1338","0.2915218043043458",
"2016_1160_1344","0.4903689114108929",
"2016_1160_1345","0.49587197379589554",
"2016_1160_1355","0.6494143511542478",
"2016_1160_1371","0.6736443140791868",
"2016_1160_1372","0.3991177369882223",
"2016_1160_1380","0.8332793718417584",
"2016_1160_1386","0.686022849213946",
"2016_1160_1392","0.505962557334048",
"2016_1160_1393","0.1546023567734648",
"2016_1160_1396","0.700457075681661",
"2016_1160_1400","0.4022017437599482",
"2016_1160_1401","0.6213716838744598",
"2016_1160_1403","0.8064977800539352",
"2016_1160_1409","0.7008418894202507",
"2016_1160_1421","0.8936211560051084",
"2016_1160_1423","0.883451703915323",
"2016_1160_1425","0.8107564605992899",
"2016_1160_1428","0.2957075838770087",
"2016_1160_1433","0.18812009910899974",
"2016_1160_1435","0.6683790914639312",
"2016_1160_1437","0.11825929485295905",
"2016_1160_1438","0.050423823651382205",
"2016_1160_1451","0.7896526776855536",
"2016_1160_1452","0.6135713804071503",
"2016_1160_1453","0.649831957078544",
"2016_1160_1455","0.13789491286177147",
"2016_1160_1458","0.04108283737769991",
"2016_1160_1462","0.43343029757062934",
"2016_1160_1463","0.7531548734629638",
"2016_1163_1167","0.9378215308144195",
"2016_1163_1173","0.5220024214546566",
"2016_1163_1181","0.06260779375461678",
"2016_1163_1192","0.9534672681221704",
"2016_1163_1195","0.7531548734629638",
"2016_1163_1201","0.7986494540655731",
"2016_1163_1211","0.04323086733172343",
"2016_1163_1214","0.8977350953782357",
"2016_1163_1218","0.8412770065465931",
"2016_1163_1221","0.8099105101837194",
"2016_1163_1231","0.16595736557254748",
"2016_1163_1233","0.46747969342707696",
"2016_1163_1234","0.16570356747028747",
"2016_1163_1235","0.1626822168041332",
"2016_1163_1242","0.09075852333612477",
"2016_1163_1246","0.05644993965150569",
"2016_1163_1268","0.4347824377708469",
"2016_1163_1274","0.2957075838770086",
"2016_1163_1276","0.26286845256326274",
"2016_1163_1277","0.13002135943128024",
"2016_1163_1292","0.503210715867848",
"2016_1163_1314","0.18616642197919642",
"2016_1163_1320","0.5498301558522984",
"2016_1163_1323","0.3547742188357189",
"2016_1163_1328","0.26144888466269767",
"2016_1163_1332","0.31754474216832485",
"2016_1163_1333","0.7427800011215033",
"2016_1163_1338","0.3108242925017817",
"2016_1163_1344","0.5132985828216295",
"2016_1163_1345","0.5187970171369105",
"2016_1163_1355","0.6700037281942091",
"2016_1163_1371","0.6934823394875056",
"2016_1163_1372","0.42130791875040474",
"2016_1163_1380","0.8456372900559532",
"2016_1163_1386","0.7054374474211248",
"2016_1163_1392","0.5288647100568948",
"2016_1163_1393","0.16697567225931642",
"2016_1163_1396","0.7193442815363427",
"2016_1163_1400","0.42444227358810305",
"2016_1163_1401","0.6427018629605863",
"2016_1163_1403","0.8204130085709965",
"2016_1163_1409","0.7197145405366068",
"2016_1163_1421","0.9020321854522675",
"2016_1163_1423","0.8925701352729032",
"2016_1163_1425","0.8244321053556825",
"2016_1163_1428","0.3151639342297653",
"2016_1163_1433","0.2025332872129374",
"2016_1163_1435","0.6883891222521142",
"2016_1163_1437","0.1281649206129173",
"2016_1163_1438","0.05500185773357724",
"2016_1163_1451","0.8044856136913299",
"2016_1163_1452","0.6350829238579321",
"2016_1163_1453","0.6704092558589352",
"2016_1163_1455","0.14916701344254457",
"2016_1163_1458","0.044852851745528555",
"2016_1163_1462","0.4560802045333039",
"2016_1163_1463","0.7698112552483418",
"2016_1167_1173","0.0675161930513406",
"2016_1167_1181","0.00440867406209855",
"2016_1167_1192","0.576005869799814",
"2016_1167_1195","0.16825557345354403",
"2016_1167_1201","0.2082220117493394",
"2016_1167_1211","0.002986809497703913",
"2016_1167_1214","0.3678986157188471",
"2016_1167_1218","0.26003427852271366",
"2016_1167_1221","0.2202651153193883",
"2016_1167_1231","0.013020753818114517",
"2016_1167_1233","0.05500185773357724",
"2016_1167_1234","0.012997196493537477",
"2016_1167_1235","0.01271776846560635",
"2016_1167_1242","0.006574508766396203",
"2016_1167_1246","0.0039509278324288966",
"2016_1167_1268","0.04852585152787048",
"2016_1167_1274","0.027083503559195865",
"2016_1167_1276","0.02309747619968927",
"2016_1167_1277","0.009811688107739691",
"2016_1167_1292","0.06293160095626449",
"2016_1167_1314","0.01493992072550232",
"2016_1167_1320","0.07491258051688787",
"2016_1167_1323","0.0351730158764324",
"2016_1167_1328","0.022932460123067044",
"2016_1167_1332","0.02992645199225663",
"2016_1167_1333","0.1606927463042639",
"2016_1167_1338","0.029034127851965352",
"2016_1167_1344","0.0653543176865351",
"2016_1167_1345","0.06671210136817762",
"2016_1167_1355","0.1186424584603234",
"2016_1167_1371","0.1304369948990336",
"2016_1167_1372","0.04604675181439821",
"2016_1167_1380","0.26643899857224074",
"2016_1167_1386","0.13702478372456106",
"2016_1167_1392","0.069269599789339",
"2016_1167_1393","0.013115405181969408",
"2016_1167_1396","0.1452516279920899",
"2016_1167_1400","0.046614201460023375",
"2016_1167_1401","0.10655338285521643",
"2016_1167_1403","0.232472437724062",
"2016_1167_1409","0.14547956336239953",
"2016_1167_1421","0.3790600647300689",
"2016_1167_1423","0.35519431543940394",
"2016_1167_1425","0.23741905425677567",
"2016_1167_1428","0.02960851942410503",
"2016_1167_1433","0.016559670385859593",
"2016_1167_1435","0.1277554613904186",
"2016_1167_1437","0.0096525541296969",
"2016_1167_1438","0.0038440899905545223",
"2016_1167_1451","0.21433643495820265",
"2016_1167_1452","0.10345002038110152",
"2016_1167_1453","0.11883444284714473",
"2016_1167_1455","0.011490244279057316",
"2016_1167_1458","0.0031037701876925894",
"2016_1167_1462","0.052665882137943765",
"2016_1167_1463","0.18148701984650772",
"2016_1173_1181","0.05763413593377953",
"2016_1173_1192","0.9494001888039164",
"2016_1173_1195","0.7364199066493713",
"2016_1173_1201","0.7841147164971559",
"2016_1173_1211","0.039731297366494944",
"2016_1173_1214","0.8893621159922955",
"2016_1173_1218","0.8291611652177475",
"2016_1173_1221","0.7959810082089727",
"2016_1173_1231","0.15412336686486805",
"2016_1173_1233","0.4456328762241676",
"2016_1173_1234","0.15388432736086533",
"2016_1173_1235","0.15103946767341103",
"2016_1173_1242","0.08374832736324755",
"2016_1173_1246","0.05193836642081384",
"2016_1173_1268","0.413277782519492",
"2016_1173_1274","0.2777020160099828",
"2016_1173_1276","0.2461635652612274",
"2016_1173_1277","0.12038001163827461",
"2016_1173_1292","0.4812029828630894",
"2016_1173_1314","0.17319060497444227",
"2016_1173_1320","0.5279503115050445",
"2016_1173_1323","0.33488221328208967",
"2016_1173_1328","0.24480424918073906",
"2016_1173_1332","0.29877358033559154",
"2016_1173_1333","0.7255979287196842",
"2016_1173_1338","0.29228025821842607",
"2016_1173_1344","0.49128596242169886",
"2016_1173_1345","0.49678928413215195",
"2016_1173_1355","0.6502493334665271",
"2016_1173_1371","0.6744505172489857",
"2016_1173_1372","0.39999807714750013",
"2016_1173_1380","0.8337885250416293",
"2016_1173_1386","0.6868126900445349",
"2016_1173_1392","0.5068797657807897",
"2016_1173_1393","0.15508256238037188",
"2016_1173_1396","0.7012264196644087",
"2016_1173_1400","0.40308432314140885",
"2016_1173_1401","0.62223460375602",
"2016_1173_1403","0.8070697856352227",
"2016_1173_1409","0.7016106660808108",
"2016_1173_1421","0.8939694782283869",
"2016_1173_1423","0.8838289957441922",
"2016_1173_1425","0.8113188224342749",
"2016_1173_1428","0.29647237081860667",
"2016_1173_1433","0.188681177565725",
"2016_1173_1435","0.6691919141478948",
"2016_1173_1437","0.1186424584603234",
"2016_1173_1438","0.05059981119608359",
"2016_1173_1451","0.7902615287278769",
"2016_1173_1452","0.6144410468842267",
"2016_1173_1453","0.650666479805486",
"2016_1173_1455","0.13833171544302936",
"2016_1173_1458","0.04122763878399249",
"2016_1173_1462","0.43433161551127664",
"2016_1173_1463","0.7538364347387727",
"2016_1181_1192","0.9967510239228337",
"2016_1181_1195","0.9785788320899546",
"2016_1181_1201","0.9834403296141403",
"2016_1181_1211","0.40352584864667485",
"2016_1181_1214","0.9924491862904079",
"2016_1181_1218","0.9875557278539934",
"2016_1181_1221","0.9845661934882968",
"2016_1181_1231","0.7486938804855907",
"2016_1181_1233","0.9292974269764959",
"2016_1181_1234","0.7483485179473351",
"2016_1181_1235","0.744179651823982",
"2016_1181_1242","0.5991209363732777",
"2016_1181_1246","0.47250695849614555",
"2016_1181_1268","0.9201103308115135",
"2016_1181_1274","0.8627581179667265",
"2016_1181_1276","0.8422545145831007",
"2016_1181_1277","0.691137389658433",
"2016_1181_1292","0.9381417186731785",
"2016_1181_1314","0.7740105382418145",
"2016_1181_1320","0.9481519023769542",
"2016_1181_1323","0.8916873177131466",
"2016_1181_1328","0.8412770065465931",
"2016_1181_1332","0.8744766460387534",
"2016_1181_1333","0.9773941253154022",
"2016_1181_1338","0.8710128024869497",
"2016_1181_1344","0.9404430938909984",
"2016_1181_1345","0.9416643513194872",
"2016_1181_1355","0.9681519816833914",
"2016_1181_1371","0.9713257504614338",
"2016_1181_1372","0.9159696694095735",
"2016_1181_1380","0.9879551181170017",
"2016_1181_1386","0.9728681096217456",
"2016_1181_1392","0.9438425155858766",
"2016_1181_1393","0.7500721789267725",
"2016_1181_1396","0.9746035991948453",
"2016_1181_1400","0.9169529220020451",
"2016_1181_1401","0.9641990179892282",
"2016_1181_1403","0.9855905982389362",
"2016_1181_1409","0.9746489716053882",
"2016_1181_1421","0.9927983914293977",
"2016_1181_1423","0.9920253340130605",
"2016_1181_1425","0.9859762640176921",
"2016_1181_1428","0.8732633035379656",
"2016_1181_1433","0.7917779882506604",
"2016_1181_1435","0.9706539208027894",
"2016_1181_1437","0.6876014487495807",
"2016_1181_1438","0.4656531789275109",
"2016_1181_1451","0.984027433510291",
"2016_1181_1452","0.9630413788486962",
"2016_1181_1453","0.968208504365145",
"2016_1181_1455","0.7241343001334568",
"2016_1181_1458","0.41283297187613455",
"2016_1181_1462","0.9262237437110621",
"2016_1181_1463","0.9804197186872358",
"2016_1192_1195","0.1296068509776228",
"2016_1192_1201","0.1621829962273661",
"2016_1192_1211","0.0022003051814235564",
"2016_1192_1214","0.29992802121658957",
"2016_1192_1218","0.20551278628215364",
"2016_1192_1221","0.17214222865451068",
"2016_1192_1231","0.009617539590772606",
"2016_1192_1233","0.04108283737769991",
"2016_1192_1234","0.009600079518732763",
"2016_1192_1235","0.009392991398125772",
"2016_1192_1242","0.004847863953709064",
"2016_1192_1246","0.00291128750651215",
"2016_1192_1268","0.03618292911196208",
"2016_1192_1274","0.020079507315850065",
"2016_1192_1276","0.01710617220371291",
"2016_1192_1277","0.007241068847325227",
"2016_1192_1292","0.047105874690028915",
"2016_1192_1314","0.011040708008512978",
"2016_1192_1320","0.056254810813433864",
"2016_1192_1323","0.026133204123180875",
"2016_1192_1328","0.016983215866794965",
"2016_1192_1332","0.022204027062585174",
"2016_1192_1333","0.12352323057668846",
"2016_1192_1338","0.021536852211906266",
"2016_1192_1344","0.048951165183761636",
"2016_1192_1345","0.049986387266261034",
"2016_1192_1355","0.09015472472608255",
"2016_1192_1371","0.09943674259090762",
"2016_1192_1372","0.034311667775348664",
"2016_1192_1380","0.21095746898302803",
"2016_1192_1386","0.1046472691351702",
"2016_1192_1392","0.05193836642081384",
"2016_1192_1393","0.009687694898962929",
"2016_1192_1396","0.11118063943936152",
"2016_1192_1400","0.03473976843059201",
"2016_1192_1401","0.08070261259579481",
"2016_1192_1403","0.1823060938492267",
"2016_1192_1409","0.11136207494189976",
"2016_1192_1421","0.3100387985429587",
"2016_1192_1423","0.28849960826343857",
"2016_1192_1425","0.18644455769897805",
"2016_1192_1428","0.021966278232112946",
"2016_1192_1433","0.012242968690836298",
"2016_1192_1435","0.09732118758090047",
"2016_1192_1437","0.007123327342255514",
"2016_1192_1438","0.00283248284401727",
"2016_1192_1451","0.16723102821800417",
"2016_1192_1452","0.07828618130892595",
"2016_1192_1453","0.0903053342377036",
"2016_1192_1455","0.008483618508959512",
"2016_1192_1458","0.002286537725324389",
"2016_1192_1462","0.039313421507866875",
"2016_1192_1463","0.14031171753007654",
"2016_1195_1201","0.5652175622291531",
"2016_1195_1211","0.014592937764927316",
"2016_1195_1214","0.7420783013936068",
"2016_1195_1218","0.6346576174325453",
"2016_1195_1221","0.5827126329831378",
"2016_1195_1231","0.061222521145495534",
"2016_1195_1233","0.22343238415068012",
"2016_1195_1234","0.06111715670516815",
"2016_1195_1235","0.05986594186151606",
"2016_1195_1242","0.03167874119491643",
"2016_1195_1246","0.019231159141797072",
"2016_1195_1268","0.20135054593442692",
"2016_1195_1274","0.12096405867495463",
"2016_1195_1276","0.1046472691351702",
"2016_1195_1277","0.04669580669368034",
"2016_1195_1292","0.24924056493492652",
"2016_1195_1314","0.06974424534903789",
"2016_1195_1320","0.28587052600222795",
"2016_1195_1323","0.1526936773010471",
"2016_1195_1328","0.10396163623766042",
"2016_1195_1332","0.13232134924864147",
"2016_1195_1333","0.48624307296462577",
"2016_1195_1338","0.1287812079135464",
"2016_1195_1344","0.25686961735120983",
"2016_1195_1345","0.2610947674907761",
"2016_1195_1355","0.39955782595190414",
"2016_1195_1371","0.42578744654055767",
"2016_1195_1372","0.19264469445209442",
"2016_1195_1380","0.6422804346522386",
"2016_1195_1386","0.4397484451755277",
"2016_1195_1392","0.26895667872957363",
"2016_1195_1393","0.0616456790391936",
"2016_1195_1396","0.45653538200378907",
"2016_1195_1400","0.19465009585650006",
"2016_1195_1401","0.3708902892102438",
"2016_1195_1403","0.5995615100766625",
"2016_1195_1409","0.45699063207666624",
"2016_1195_1421","0.7511025893591565",
"2016_1195_1423","0.7314039090979341",
"2016_1195_1425","0.606150440689186",
"2016_1195_1428","0.13106256517278136",
"2016_1195_1433","0.0768422436780073",
"2016_1195_1435","0.41996654733085026",
"2016_1195_1437","0.04596622617142965",
"2016_1195_1438","0.018718890709630065",
"2016_1195_1451","0.5742125534594424",
"2016_1195_1452","0.36321796364770653",
"2016_1195_1453","0.39999807714750013",
"2016_1195_1455","0.05433812195394905",
"2016_1195_1458","0.015157474189136377",
"2016_1195_1462","0.2155748661504011",
"2016_1195_1463","0.5229179301124329",
"2016_1201_1211","0.011263259185759322",
"2016_1201_1214","0.6887825510971889",
"2016_1201_1218","0.5719681648580626",
"2016_1201_1221","0.5178808914908888",
"2016_1201_1231","0.04776911093747194",
"2016_1201_1233","0.18121463239662672",
"2016_1201_1234","0.047685723830826365",
"2016_1201_1235","0.04669580669368034",
"2016_1201_1242","0.02454770137371387",
"2016_1201_1246","0.014859133440485062",
"2016_1201_1268","0.16243245192167466",
"2016_1201_1274","0.09572125543196408",
"2016_1201_1276","0.08248992773403863",
"2016_1201_1277","0.0363111141731125",
"2016_1201_1292","0.20342373935375035",
"2016_1201_1314","0.05452698657201649",
"2016_1201_1320","0.23543174871894834",
"2016_1201_1323","0.1217465879152756",
"2016_1201_1328","0.08193618130487734",
"2016_1201_1332","0.10499158090077376",
"2016_1201_1333","0.42130791875040474",
"2016_1201_1338","0.10209658773437635",
"2016_1201_1344","0.2100427348418773",
"2016_1201_1345","0.21371916247109168",
"2016_1201_1355","0.3385701102221458",
"2016_1201_1371","0.36321796364770653",
"2016_1201_1372","0.15508256238037188",
"2016_1201_1380","0.5800334526691499",
"2016_1201_1386","0.3764724686850529",
"2016_1201_1392","0.22058038725357643",
"2016_1201_1393","0.04810404631153298",
"2016_1201_1396","0.39253631032983805",
"2016_1201_1400","0.1567728755958211",
"2016_1201_1401","0.31200457865742814",
"2016_1201_1403","0.5352597361366893",
"2016_1201_1409","0.3929738883202244",
"2016_1201_1421","0.6989149925001031",
"2016_1201_1423","0.6768629240688221",
"2016_1201_1425","0.5420986529670475",
"2016_1201_1428","0.10396163623766042",
"2016_1201_1433","0.060176478566822844",
"2016_1201_1435","0.3577195653477615",
"2016_1201_1437","0.035737702723753983",
"2016_1201_1438","0.01446160727086021",
"2016_1201_1451","0.5091725708002731",
"2016_1201_1452","0.3049598934691372",
"2016_1201_1453","0.3389810997467779",
"2016_1201_1455","0.04232931882023616",
"2016_1201_1458","0.011700514495319503",
"2016_1201_1462","0.17450816513790812",
"2016_1201_1463","0.457445954002894",
"2016_1211_1214","0.9948792264616392",
"2016_1211_1218","0.9915471919200536",
"2016_1211_1221","0.9895063530103098",
"2016_1211_1231","0.8149429206110358",
"2016_1211_1233","0.9510488348162385",
"2016_1211_1234","0.814666064833969",
"2016_1211_1235","0.8113188224342751",
"2016_1211_1242","0.6883891222521142",
"2016_1211_1246","0.5697208107968252",
"2016_1211_1268","0.9445193781689716",
"2016_1211_1274","0.9028398731192179",
"2016_1211_1276","0.8875438659000814",
"2016_1211_1277","0.7678547688398404",
"2016_1211_1292","0.9572972406666844",
"2016_1211_1314","0.8350559605910625",
"2016_1211_1320","0.9643254688535451",
"2016_1211_1323","0.9240638727780562",
"2016_1211_1328","0.8868092881638758",
"2016_1211_1332","0.9114870985946404",
"2016_1211_1333","0.9845940483950714",
"2016_1211_1338","0.9089382142223026",
"2016_1211_1344","0.9589171626223001",
"2016_1211_1345","0.9597757988044153",
"2016_1211_1355","0.9782299433318714",
"2016_1211_1371","0.9804197186872358",
"2016_1211_1372","0.9415634836703668",
"2016_1211_1380","0.9918195400676562",
"2016_1211_1386","0.9814822478656948",
"2016_1211_1392","0.961305497567246",
"2016_1211_1393","0.8160471469397419",
"2016_1211_1396","0.9826765461310593",
"2016_1211_1400","0.9422661350282108",
"2016_1211_1401","0.9754961928994349",
"2016_1211_1403","0.9902061209438814",
"2016_1211_1409","0.9827077515715488",
"2016_1211_1421","0.9951166016636986",
"2016_1211_1423","0.9945910369883677",
"2016_1211_1425","0.9904694474119434",
"2016_1211_1428","0.9105949330002834",
"2016_1211_1433","0.8489605323265892",
"2016_1211_1435","0.9799565614538868",
"2016_1211_1437","0.7648983472361592",
"2016_1211_1438","0.5629618468512225",
"2016_1211_1451","0.9891381405613586",
"2016_1211_1452","0.9746942650597697",
"2016_1211_1453","0.9782689814878113",
"2016_1211_1455","0.7950857025032629",
"2016_1211_1458","0.5096310885891072",
"2016_1211_1462","0.9488687311129756",
"2016_1211_1463","0.9866691400372887",
"2016_1214_1218","0.3764724686850529",
"2016_1214_1221","0.32675917323854886",
"2016_1214_1231","0.0221642283411303",
"2016_1214_1233","0.09091004074777542",
"2016_1214_1234","0.022124499341199533",
"2016_1214_1235","0.021653147439064546",
"2016_1214_1242","0.011242845324029416",
"2016_1214_1246","0.006769041817395571",
"2016_1214_1268","0.08056659993950943",
"2016_1214_1274","0.04564546208612785",
"2016_1214_1276","0.039037182776985535",
"2016_1214_1277","0.016739903160065017",
"2016_1214_1292","0.10345002038110129",
"2016_1214_1314","0.025396400805154595",
"2016_1214_1320","0.12213948531723207",
"2016_1214_1323","0.05894331264328179",
"2016_1214_1328","0.038762806740412104",
"2016_1214_1332","0.05033604736956265",
"2016_1214_1333","0.24752795524323956",
"2016_1214_1338","0.04886582053920374",
"2016_1214_1344","0.10725406250378366",
"2016_1214_1345","0.109380470665154",
"2016_1214_1355","0.18784004095312345",
"2016_1214_1371","0.20491429749673717",
"2016_1214_1372","0.07658234657669849",
"2016_1214_1380","0.38425582387437085",
"2016_1214_1386","0.21433643495820243",
"2016_1214_1392","0.11337500915616161",
"2016_1214_1393","0.022323842722301368",
"2016_1214_1396","0.22598946175818535",
"2016_1214_1400","0.07749552743743182",
"2016_1214_1401","0.17006056640289613",
"2016_1214_1403","0.3422777202355015",
"2016_1214_1409","0.2263105490548194",
"2016_1214_1421","0.5119234190582282",
"2016_1214_1423","0.48624307296462577",
"2016_1214_1425","0.348499919707819",
"2016_1214_1428","0.04981242128780461",
"2016_1214_1433","0.028117457208380547",
"2016_1214_1435","0.20105566901375216",
"2016_1214_1437","0.01647027078806862",
"2016_1214_1438","0.006586502699593821",
"2016_1214_1451","0.319137276715596",
"2016_1214_1452","0.1654500805063407",
"2016_1214_1453","0.18812009910899996",
"2016_1214_1455","0.019580281312764347",
"2016_1214_1458","0.005320852317168168",
"2016_1214_1462","0.08718972210733567",
"2016_1214_1463","0.27586569986654297",
"2016_1218_1221","0.44563287622416736",
"2016_1218_1231","0.03618292911196208",
"2016_1218_1233","0.1420915773051773",
"2016_1218_1234","0.03611900001164803",
"2016_1218_1235","0.03536028300805949",
"2016_1218_1242","0.01848443582318382",
"2016_1218_1246","0.011161555024772785",
"2016_1218_1268","0.12673669646203434",
"2016_1218_1274","0.07340102001371429",
"2016_1218_1276","0.063039883424171",
"2016_1218_1277","0.027423980772856793",
"2016_1218_1292","0.16044545055913317",
"2016_1218_1314","0.041372928540122755",
"2016_1218_1320","0.18728088638974638",
"2016_1218_1323","0.09398853106092397",
"2016_1218_1328","0.06260779375461678",
"2016_1218_1332","0.08070261259579481",
"2016_1218_1333","0.35267710347352754",
"2016_1218_1338","0.07841867250981671",
"2016_1218_1344","0.16595736557254748",
"2016_1218_1345","0.1690272637608946",
"2016_1218_1355","0.2769665872227941",
"2016_1218_1371","0.2991581105797493",
"2016_1218_1372","0.12076910530718243",
"2016_1218_1380","0.5082554896942065",
"2016_1218_1386","0.311217448902811",
"2016_1218_1392","0.17477262370443758",
"2016_1218_1393","0.03643973618549856",
"2016_1218_1396","0.3259524556141211",
"2016_1218_1400","0.12213948531723207",
"2016_1218_1401","0.2533830147718188",
"2016_1218_1403","0.4629151483896732",
"2016_1218_1409","0.3263556859208132",
"2016_1218_1421","0.6346576174325453",
"2016_1218_1423","0.6105218697195531",
"2016_1218_1425","0.46976405717010783",
"2016_1218_1428","0.0798896691884865",
"2016_1218_1433","0.04572545273297812",
"2016_1218_1435","0.29418144985353456",
"2016_1218_1437","0.026986981468276938",
"2016_1218_1438","0.010861859438641486",
"2016_1218_1451","0.4370381531487776",
"2016_1218_1452","0.24718638252779768",
"2016_1218_1453","0.27733415139425854",
"2016_1218_1455","0.03201817007078933",
"2016_1218_1458","0.008781926860334965",
"2016_1218_1462","0.1365914537872045",
"2016_1218_1463","0.38686372507477407",
"2016_1221_1231","0.04461763747602865",
"2016_1221_1233","0.17083883478225248",
"2016_1221_1234","0.04453949435333282",
"2016_1221_1235","0.04361189933762466",
"2016_1221_1242","0.022891386317730578",
"2016_1221_1246","0.013847258254839456",
"2016_1221_1268","0.15293120157521856",
"2016_1221_1274","0.08970425315290742",
"2016_1221_1276","0.07723360564508064",
"2016_1221_1277","0.03388865742072189",
"2016_1221_1292","0.19207462006415243",
"2016_1221_1314","0.050953532121190914",
"2016_1221_1320","0.22279634451520292",
"2016_1221_1323","0.11430042539379792",
"2016_1221_1328","0.07671219420743913",
"2016_1221_1332","0.09845529532854458",
"2016_1221_1333","0.40396753048229506",
"2016_1221_1338","0.09572125543196408",
"2016_1221_1344","0.19841632020829325",
"2016_1221_1345","0.20194126978723792",
"2016_1221_1355","0.32273591716508676",
"2016_1221_1371","0.3468355017331771",
"2016_1221_1372","0.14593632443414362",
"2016_1221_1380","0.5625103880128381",
"2016_1221_1386","0.35982999732462695",
"2016_1221_1392","0.208524655903069",
"2016_1221_1393","0.04493151879001367",
"2016_1221_1396","0.37561149208397415",
"2016_1221_1400","0.1475443570173125",
"2016_1221_1401","0.2968551931469944",
"2016_1221_1403","0.5174227831986999",
"2016_1221_1409","0.3760418824792595",
"2016_1221_1421","0.6836468650841157",
"2016_1221_1423","0.6610189002532223",
"2016_1221_1425","0.5242909024956706",
"2016_1221_1428","0.09748248644112045",
"2016_1221_1433","0.056254810813433864",
"2016_1221_1435","0.3414521211339867",
"2016_1221_1437","0.03335217655108336",
"2016_1221_1438","0.01347643244775143",
"2016_1221_1451","0.49128596242169886",
"2016_1221_1452","0.2900083775361708",
"2016_1221_1453","0.32313707593117813",
"2016_1221_1455","0.03952182987582409",
"2016_1221_1458","0.010901354303201383",
"2016_1221_1462","0.16443924110457897",
"2016_1221_1463","0.4397484451755279",
"2016_1231_1233","0.8152194566206676",
"2016_1231_1234","0.49954132012866714",
"2016_1231_1235","0.49403744266595184",
"2016_1231_1242","0.3340653922867707",
"2016_1231_1246","0.23116554044538662",
"2016_1231_1268","0.7944872137178464",
"2016_1231_1274","0.678465992338906",
"2016_1231_1276","0.6418587862631991",
"2016_1231_1277","0.4289304258770634",
"2016_1231_1292","0.8358126923706228",
"2016_1231_1314","0.5348033077513683",
"2016_1231_1320","0.8599094483425715",
"2016_1231_1323","0.7342775758196953",
"2016_1231_1328","0.6401700026753732",
"2016_1231_1332","0.700457075681661",
"2016_1231_1333","0.9355365464751144",
"2016_1231_1338","0.6938721974781656",
"2016_1231_1344","0.8412770065465931",
"2016_1231_1345","0.8441948467393274",
"2016_1231_1355","0.9107441883798675",
"2016_1231_1371","0.9191611653196159",
"2016_1231_1372","0.7853544430035504",
"2016_1231_1380","0.9649512976047411",
"2016_1231_1386","0.9232878057925608",
"2016_1231_1392","0.8494304496951213",
"2016_1231_1393","0.5018347117653377",
"2016_1231_1396","0.9279598563987913",
"2016_1231_1400","0.7875114958977691",
"2016_1231_1401","0.9003988391384936",
"2016_1231_1403","0.9582617007422488",
"2016_1231_1409","0.9280824118304459",
"2016_1231_1421","0.9788464034857323",
"2016_1231_1423","0.9766109518316861",
"2016_1231_1425","0.959348651605743",
"2016_1231_1428","0.6981422587154964",
"2016_1231_1433","0.5607035242428278",
"2016_1231_1435","0.9173711044474475",
"2016_1231_1437","0.4248905412430024",
"2016_1231_1438","0.22631054905481918",
"2016_1231_1451","0.9538725882949302",
"2016_1231_1452","0.8973977238530076",
"2016_1231_1453","0.9108932189710349",
"2016_1231_1455","0.46839328073063813",
"2016_1231_1458","0.1909383311953684",
"2016_1231_1462","0.8082099345413201",
"2016_1231_1463","0.9438425155858766",
"2016_1233_1234","0.18450432704809083",
"2016_1233_1235","0.18121463239662672",
"2016_1233_1242","0.10209658773437635",
"2016_1233_1246","0.06380273916372903",
"2016_1233_1268","0.46702298115068364",
"2016_1233_1274","0.323538495128885",
"2016_1233_1276","0.2888763628973855",
"2016_1233_1277","0.14547956336239953",
"2016_1233_1292","0.5357161054715509",
"2016_1233_1314","0.20671364857522057",
"2016_1233_1320","0.5818201071271024",
"2016_1233_1323","0.3851243933560573",
"2016_1233_1328","0.287371099219237",
"2016_1233_1332","0.3464199799806089",
"2016_1233_1333","0.766872185120749",
"2016_1233_1338","0.3393923321759308",
"2016_1233_1344","0.5457397643609101",
"2016_1233_1345","0.5511921517809828",
"2016_1233_1355","0.6981422587154964",
"2016_1233_1371","0.7204541630958983",
"2016_1233_1372","0.4533507062454273",
"2016_1233_1380","0.8618868308574995",
"2016_1233_1386","0.7317641908721344",
"2016_1233_1392","0.5611553929971663",
"2016_1233_1393","0.18588860637428672",
"2016_1233_1396","0.7448776000789942",
"2016_1233_1400","0.45653538200378907",
"2016_1233_1401","0.6720288270886476",
"2016_1233_1403","0.838811737771987",
"2016_1233_1409","0.7452261043482054",
"2016_1233_1421","0.9129561884384566",
"2016_1233_1423","0.904437437786674",
"2016_1233_1425","0.8424981258296065",
"2016_1233_1428","0.34393178308824535",
"2016_1233_1433","0.22438886651192835",
"2016_1233_1435","0.7156253384225137",
"2016_1233_1437","0.14343880312161572",
"2016_1233_1438","0.062178469185580454",
"2016_1233_1451","0.8241663828997616",
"2016_1233_1452","0.6647090045864342",
"2016_1233_1453","0.6985287663398523",
"2016_1233_1455","0.1664658957723144",
"2016_1233_1458","0.05077638012233354",
"2016_1233_1462","0.4885350100035011",
"2016_1233_1463","0.7920803085483104",
"2016_1234_1235","0.4944960623262973",
"2016_1234_1242","0.3344736787524625",
"2016_1234_1246","0.23149178244551538",
"2016_1234_1268","0.7947866199571105",
"2016_1234_1274","0.6788661051810767",
"2016_1234_1276","0.6422804346522386",
"2016_1234_1277","0.42937989740025195",
"2016_1234_1292","0.8360643155934195",
"2016_1234_1314","0.5352597361366891",
"2016_1234_1320","0.8601303223217721",
"2016_1234_1323","0.7346354015038914",
"2016_1234_1328","0.6405925259963107",
"2016_1234_1332","0.7008418894202507",
"2016_1234_1333","0.935647106238063",
"2016_1234_1338","0.6942617782216123",
"2016_1234_1344","0.8415218433443139",
"2016_1234_1345","0.8444360149255324",
"2016_1234_1355","0.9108932189710349",
"2016_1234_1371","0.9192973874042053",
"2016_1234_1372","0.7856635650417974",
"2016_1234_1380","0.9650132954637771",
"2016_1234_1386","0.9234176534233014",
"2016_1234_1392","0.8496649569656517",
"2016_1234_1393","0.5022933839167242",
"2016_1234_1396","0.9280824118304459",
"2016_1234_1400","0.7878183507418116",
"2016_1234_1401","0.9005632574090923",
"2016_1234_1403","0.9583350209284717",
"2016_1234_1409","0.9282047749003803",
"2016_1234_1421","0.9788843600642829",
"2016_1234_1423","0.976652823880356",
"2016_1234_1425","0.9594201432424247",
"2016_1234_1428","0.6985287663398523",
"2016_1234_1433","0.5611553929971662",
"2016_1234_1435","0.9175100722659614",
"2016_1234_1437","0.42533893246178756",
"2016_1234_1438","0.22663195897717114",
"2016_1234_1451","0.9539532481856017",
"2016_1234_1452","0.8975665326589075",
"2016_1234_1453","0.9110420250309559",
"2016_1234_1455","0.4688501542391206",
"2016_1234_1458","0.19122192109219183",
"2016_1234_1462","0.8084941675094938",
"2016_1234_1463","0.9439396836032273",
"2016_1235_1242","0.3393923321759308",
"2016_1235_1246","0.235431748718948",
"2016_1235_1268","0.7983542538192119",
"2016_1235_1274","0.6836468650841153",
"2016_1235_1276","0.6473228965264722",
"2016_1235_1277","0.4347824377708469",
"2016_1235_1292","0.8390596498589725",
"2016_1235_1314","0.540732054756154",
"2016_1235_1320","0.8627581179667265",
"2016_1235_1323","0.7389052325092238",
"2016_1235_1328","0.6456456539593207",
"2016_1235_1332","0.7054374474211248",
"2016_1235_1333","0.9369601165758291",
"2016_1235_1338","0.6989149925001028",
"2016_1235_1344","0.8444360149255324",
"2016_1235_1345","0.8473063226989528",
"2016_1235_1355","0.9126641461566585",
"2016_1235_1371","0.92091578965502",
"2016_1235_1372","0.7893477663061492",
"2016_1235_1380","0.9657490726151468",
"2016_1235_1386","0.9249601729228831",
"2016_1235_1392","0.8524556429826874",
"2016_1235_1393","0.5077969279191032",
"2016_1235_1396","0.9295381433657552",
"2016_1235_1400","0.791475344096931",
"2016_1235_1401","0.9025175135588795",
"2016_1235_1403","0.959205306334265",
"2016_1235_1409","0.929658217329289",
"2016_1235_1421","0.979334672912836",
"2016_1235_1423","0.977149615641726",
"2016_1235_1425","0.9602687026335051",
"2016_1235_1428","0.7031448068530057",
"2016_1235_1433","0.5665697024293703",
"2016_1235_1435","0.9191611653196159",
"2016_1235_1437","0.43072900805874814",
"2016_1235_1438","0.23051402152683376",
"2016_1235_1451","0.9549107525092588",
"2016_1235_1452","0.8995731164600795",
"2016_1235_1453","0.9128102778926643",
"2016_1235_1455","0.4743364922066846",
"2016_1235_1458","0.19465009585649995",
"2016_1235_1462","0.811879900891",
"2016_1235_1463","0.945093427050207",
"2016_1242_1246","0.3747513010851552",
"2016_1242_1268","0.8851411723036866",
"2016_1242_1274","0.8079253799358477",
"2016_1242_1276","0.7813063919654886",
"2016_1242_1277","0.5995615100766627",
"2016_1242_1292","0.9102957468470925",
"2016_1242_1314","0.6962055107035805",
"2016_1242_1320","0.9244491983922177",
"2016_1242_1323","0.8463544087436011",
"2016_1242_1328","0.7800498331635966",
"2016_1242_1332","0.8233673174634202",
"2016_1242_1333","0.9665886217567932",
"2016_1242_1338","0.8187853676033733",
"2016_1242_1344","0.9135376238549201",
"2016_1242_1345","0.9152608847346455",
"2016_1242_1355","0.953140575078842",
"2016_1242_1371","0.9577449938080973",
"2016_1242_1372","0.8794255769590075",
"2016_1242_1380","0.9821052966058373",
"2016_1242_1386","0.959987756655335",
"2016_1242_1392","0.9183394205729928",
"2016_1242_1393","0.6675652637437999",
"2016_1242_1396","0.9625153926372226",
"2016_1242_1400","0.8807807820103737",
"2016_1242_1401","0.9474255809629539",
"2016_1242_1403","0.9786172582924978",
"2016_1242_1409","0.9625815322949403",
"2016_1242_1421","0.9892752613544433",
"2016_1242_1423","0.9881285354217537",
"2016_1242_1425","0.9791856230123068",
"2016_1242_1428","0.8217606349659426",
"2016_1242_1433","0.7178602668794738",
"2016_1242_1435","0.9567691326682766",
"2016_1242_1437","0.5955906320124773",
"2016_1242_1438","0.368325381746764",
"2016_1242_1451","0.9763157884268657",
"2016_1242_1452","0.9457560789818907",
"2016_1242_1453","0.9532224522198093",
"2016_1242_1455","0.6372062833920082",
"2016_1242_1458","0.3199351330864154",
"2016_1242_1462","0.8936211560051084",
"2016_1242_1463","0.971017550340625",
"2016_1246_1268","0.9278371083582142",
"2016_1246_1274","0.875280003229206",
"2016_1246_1276","0.8563356281316663",
"2016_1246_1277","0.7141294739977722",
"2016_1246_1292","0.9442302395940508",
"2016_1246_1314","0.7926839776225783",
"2016_1246_1320","0.9533041933063198",
"2016_1246_1323","0.9018699313865279",
"2016_1246_1328","0.8554303998021655",
"2016_1246_1332","0.8860705280130106",
"2016_1246_1333","0.9797027412417777",
"2016_1246_1338","0.8828837720009431",
"2016_1246_1344","0.9463180591826719",
"2016_1246_1345","0.9474255809629539",
"2016_1246_1355","0.9713768069851794",
"2016_1246_1371","0.9742377618409254",
"2016_1246_1372","0.9240638727780562",
"2016_1246_1380","0.9891971176602415",
"2016_1246_1386","0.9756274171032003",
"2016_1246_1392","0.9494001888039164",
"2016_1246_1393","0.7701362101406566",
"2016_1246_1396","0.9771905458748164",
"2016_1246_1400","0.9249601729228831",
"2016_1246_1401","0.9678107993437873",
"2016_1246_1403","0.9870732234123806",
"2016_1246_1409","0.9772314045008778",
"2016_1246_1421","0.9935442436246847",
"2016_1246_1423","0.9928506732365285",
"2016_1246_1425","0.9874197134325805",
"2016_1246_1428","0.884954511304028",
"2016_1246_1433","0.8093449372692587",
"2016_1246_1435","0.9736323076829889",
"2016_1246_1437","0.7107465904817531",
"2016_1246_1438","0.49312023421921036",
"2016_1246_1451","0.9856685584917457",
"2016_1246_1452","0.9667659231342972",
"2016_1246_1453","0.9714277752733567",
"2016_1246_1455","0.7455742951595912",
"2016_1246_1458","0.4397484451755277",
"2016_1246_1462","0.9334020404584549",
"2016_1246_1463","0.9824249031842023",
"2016_1268_1274","0.3530960757740085",
"2016_1268_1276","0.31675007046767256",
"2016_1268_1277","0.1626822168041332",
"2016_1268_1292","0.5683710118879324",
"2016_1268_1314","0.229214845996353",
"2016_1268_1320","0.6135713804071503",
"2016_1268_1323","0.41684130684971743",
"2016_1268_1328","0.3151639342297653",
"2016_1268_1332","0.37690325010980086",
"2016_1268_1333","0.7896526776855536",
"2016_1268_1338","0.36960691505813825",
"2016_1268_1344","0.5782446981830662",
"2016_1268_1345","0.5836046172248273",
"2016_1268_1355","0.725232474577678",
"2016_1268_1371","0.7462697357600939",
"2016_1268_1372","0.48624307296462577",
"2016_1268_1380","0.876873493729745",
"2016_1268_1386","0.7568877483605846",
"2016_1268_1392","0.59337913263742",
"2016_1268_1393","0.20671364857522057",
"2016_1268_1396","0.7691603798849193",
"2016_1268_1400","0.4894519252161762",
"2016_1268_1401","0.700457075681661",
"2016_1268_1403","0.8558836050321645",
"2016_1268_1409","0.7694859784731661",
"2016_1268_1421","0.9228970508549132",
"2016_1268_1423","0.9152608847346455",
"2016_1268_1425","0.8592450742206328",
"2016_1268_1428","0.37432150165873346",
"2016_1268_1433","0.24821205030860571",
"2016_1268_1435","0.7417269835410901",
"2016_1268_1437","0.16044545055913317",
"2016_1268_1438","0.070341782670711",
"2016_1268_1451","0.8424981258296065",
"2016_1268_1452","0.6934823394875056",
"2016_1268_1453","0.7255979287196842",
"2016_1268_1455","0.18561111079870563",
"2016_1268_1458","0.05753456864810791",
"2016_1268_1462","0.5215446113020392",
"2016_1268_1463","0.8129982101790812",
"2016_1274_1276","0.45926794524384607",
"2016_1274_1277","0.2625130960885006",
"2016_1274_1292","0.7069601307767437",
"2016_1274_1314","0.35267710347352776",
"2016_1274_1320","0.744179651823982",
"2016_1274_1323","0.5670201966730258",
"2016_1274_1328","0.4574459540028941",
"2016_1274_1332","0.5256635077933154",
"2016_1274_1333","0.873060107709551",
"2016_1274_1338","0.5178808914908888",
"2016_1274_1344","0.7152518147542581",
"2016_1274_1345","0.7197145405366068",
"2016_1274_1355","0.8286407503076298",
"2016_1274_1371","0.8434695127672408",
"2016_1274_1372","0.6342321008037046",
"2016_1274_1380","0.9288137134672819",
"2016_1274_1386","0.8508329865574554",
"2016_1274_1392","0.7277842947790683",
"2016_1274_1393","0.32313707593117813",
"2016_1274_1396","0.8592450742206329",
"2016_1274_1400","0.6372062833920085",
"2016_1274_1401","0.8107564605992899",
"2016_1274_1403","0.9158283445985904",
"2016_1274_1409","0.859466824497805",
"2016_1274_1421","0.9563881006623755",
"2016_1274_1423","0.9518959536884671",
"2016_1274_1425","0.9179257003044323",
"2016_1274_1428","0.5229179301124331",
"2016_1274_1433","0.37690325010980086",
"2016_1274_1435","0.8402945897219539",
"2016_1274_1437","0.259328839853579",
"2016_1274_1438","0.1217465879152756",
"2016_1274_1451","0.9074081883061141",
"2016_1274_1452","0.8056373563649845",
"2016_1274_1453","0.8289011147826095",
"2016_1274_1455","0.2945625525788752",
"2016_1274_1458","0.10059275613045526",
"2016_1274_1462","0.6663426456542958",
"2016_1274_1463","0.8884562306288243",
"2016_1276_1277","0.2953256199087535",
"2016_1276_1292","0.7396125357655599",
"2016_1276_1314","0.390787729867936",
"2016_1276_1320","0.7740105382418146",
"2016_1276_1323","0.6065883618074784",
"2016_1276_1328","0.4981652882346622",
"2016_1276_1332","0.5661190981284857",
"2016_1276_1333","0.8900821800126998",
"2016_1276_1338","0.558442685067137",
"2016_1276_1344","0.7473105417075396",
"2016_1276_1345","0.7514454276145419",
"2016_1276_1355","0.8505999809226997",
"2016_1276_1371","0.8638407219945021",
"2016_1276_1372","0.6712195502452185",
"2016_1276_1380","0.9388828432948317",
"2016_1276_1386","0.8703931490223771",
"2016_1276_1392","0.7589076423835269",
"2016_1276_1393","0.35982999732462695",
"2016_1276_1396","0.8778605146827679",
"2016_1276_1400","0.6740475443858789",
"2016_1276_1401","0.8345499194936594",
"2016_1276_1403","0.9275910334608409",
"2016_1276_1409","0.8780570996462087",
"2016_1276_1421","0.9627134752709643",
"2016_1276_1423","0.9588448228697971",
"2016_1276_1425","0.9294178799966956",
"2016_1276_1428","0.5634132013990172",
"2016_1276_1433","0.4159495954811443",
"2016_1276_1435","0.8610109034398373",
"2016_1276_1437","0.29190088647120715",
"2016_1276_1438","0.14031171753007654",
"2016_1276_1451","0.9202450922333547",
"2016_1276_1452","0.8299394335971038",
"2016_1276_1453","0.8508329865574554",
"2016_1276_1455","0.3295907441410648",
"2016_1276_1458","0.11635951738753925",
"2016_1276_1462","0.7016106660808106",
"2016_1276_1463","0.9036416132007343",
"2016_1277_1292","0.8714245012851718",
"2016_1277_1314","0.604835656233593",
"2016_1277_1320","0.8909764808696268",
"2016_1277_1323","0.7862808375289081",
"2016_1277_1328","0.7031448068530057",
"2016_1277_1332","0.7568877483605846",
"2016_1277_1333","0.9507919518295802",
"2016_1277_1338","0.7511025893591563",
"2016_1277_1344","0.8758796243188759",
"2016_1277_1345","0.8782534120847244",
"2016_1277_1355","0.9314367647137695",
"2016_1277_1371","0.9380351608776009",
"2016_1277_1372","0.8296803244929569",
"2016_1277_1380","0.9734432444254553",
"2016_1277_1386","0.9412598984076223",
"2016_1277_1392","0.8825038184454103",
"2016_1277_1393","0.5728662811141946",
"2016_1277_1396","0.9449027017655973",
"2016_1277_1400","0.8314875091874023",
"2016_1277_1401","0.9232878057925608",
"2016_1277_1403","0.9683212588050836",
"2016_1277_1409","0.9449981422664228",
"2016_1277_1421","0.984027433510291",
"2016_1277_1423","0.9823296144025142",
"2016_1277_1425","0.9691546707157417",
"2016_1277_1428","0.7548563979288602",
"2016_1277_1433","0.6295377057561192",
"2016_1277_1435","0.9366342256740693",
"2016_1277_1437","0.49587197379589554",
"2016_1277_1438","0.2802854594633931",
"2016_1277_1451","0.9649512976047411",
"2016_1277_1452","0.92091578965502",
"2016_1277_1453","0.9315538414791591",
"2016_1277_1455","0.5398206475253448",
"2016_1277_1458","0.23908394470896233",
"2016_1277_1462","0.8487251218621952",
"2016_1277_1463","0.9572221757597392",
"2016_1292_1314","0.1842284303053261",
"2016_1292_1320","0.5466492937545726",
"2016_1292_1323","0.3518398386893573",
"2016_1292_1328","0.25897658726063644",
"2016_1292_1332","0.31476807064217716",
"2016_1292_1333","0.7403185963318791",
"2016_1292_1338","0.3080798577094468",
"2016_1292_1344","0.5100895901738913",
"2016_1292_1345","0.5155900648280234",
"2016_1292_1355","0.667157974126777",
"2016_1292_1371","0.6907456011208102",
"2016_1292_1372","0.4181798928728976",
"2016_1292_1380","0.8439533737647507",
"2016_1292_1386","0.7027616990519382",
"2016_1292_1392","0.5256635077933152",
"2016_1292_1393","0.16519690453476665",
"2016_1292_1396","0.7167441357761976",
"2016_1292_1400","0.42130791875040474",
"2016_1292_1401","0.63974726197566",
"2016_1292_1403","0.8185129801534925",
"2016_1292_1409","0.7171164760915365",
"2016_1292_1421","0.9008913697318045",
"2016_1292_1423","0.8913324096612885",
"2016_1292_1425","0.8225654025045744",
"2016_1292_1428","0.31239855125041915",
"2016_1292_1433","0.20046688500679777",
"2016_1292_1435","0.6856275239694262",
"2016_1292_1437","0.12673669646203434",
"2016_1292_1438","0.05433812195394905",
"2016_1292_1451","0.8024576485270438",
"2016_1292_1452","0.6321013842811531",
"2016_1292_1453","0.6675652637437999",
"2016_1292_1455","0.1475443570173125",
"2016_1292_1458","0.0443058471451141",
"2016_1292_1462","0.45289605792363397",
"2016_1292_1463","0.7675275622759381",
"2016_1314_1320","0.8422545145831009",
"2016_1314_1323","0.7061993651569607",
"2016_1314_1328","0.6074636896701622",
"2016_1314_1332","0.6704092558589352",
"2016_1314_1333","0.9265989799862856",
"2016_1314_1338","0.6634811772226732",
"2016_1314_1344","0.8217606349659425",
"2016_1314_1345","0.8249626019352139",
"2016_1314_1355","0.8987413181413756",
"2016_1314_1371","0.9081760657922678",
"2016_1314_1372","0.7609160552910377",
"2016_1314_1380","0.9599172232347439",
"2016_1314_1386","0.9128102778926643",
"2016_1314_1392","0.8307148803755895",
"2016_1314_1393","0.46702298115068364",
"2016_1314_1396","0.9180638186951227",
"2016_1314_1400","0.76324466217864",
"2016_1314_1401","0.8871770988471847",
"2016_1314_1403","0.9523142761691736",
"2016_1314_1409","0.9182017253663555",
"2016_1314_1421","0.975757956031296",
"2016_1314_1423","0.9732050603515787",
"2016_1314_1425","0.9535486022540781",
"2016_1314_1428","0.6679723030074162",
"2016_1314_1433","0.5261209577505281",
"2016_1314_1435","0.9061675876072733",
"2016_1314_1437","0.3912246139931208",
"2016_1314_1438","0.20282978109591",
"2016_1314_1451","0.9473341178620562",
"2016_1314_1452","0.8838289957441922",
"2016_1314_1453","0.898908165388998",
"2016_1314_1455","0.4338809018715143",
"2016_1314_1458","0.17031967550704297",
"2016_1314_1462","0.7856635650417974",
"2016_1314_1463","0.935977726891358",
"2016_1320_1323","0.3104314089229332",
"2016_1320_1328","0.22470833989258143",
"2016_1320_1332","0.27586569986654297",
"2016_1320_1333","0.7027616990519382",
"2016_1320_1338","0.2696787716729846",
"2016_1320_1344","0.4633713360357262",
"2016_1320_1345","0.4688501542391206",
"2016_1320_1355","0.6243885079160258",
"2016_1320_1371","0.6494143511542478",
"2016_1320_1372","0.3734624978856137",
"2016_1320_1380","0.8176939061507733",
"2016_1320_1386","0.6622511382110593",
"2016_1320_1392","0.4789132350449392",
"2016_1320_1393","0.14097696856673336",
"2016_1320_1396","0.6772640828349132",
"2016_1320_1400","0.3764724686850529",
"2016_1320_1401","0.5955906320124772",
"2016_1320_1403","0.789042531016972",
"2016_1320_1409","0.6776649807482176",
"2016_1320_1421","0.8828837720009433",
"2016_1320_1423","0.8718350793870827",
"2016_1320_1425","0.7935870526363188",
"2016_1320_1428","0.2736720704477963",
"2016_1320_1433","0.17214222865451068",
"2016_1320_1435","0.6439648220431349",
"2016_1320_1437","0.10742986472709681",
"2016_1320_1438","0.04548588034809131",
"2016_1320_1451","0.7711091428408379",
"2016_1320_1452","0.587611696515469",
"2016_1320_1453","0.6248187019104465",
"2016_1320_1455","0.12552335396124648",
"2016_1320_1458","0.03702397926259049",
"2016_1320_1462","0.4070636249546089",
"2016_1320_1463","0.7324838353974794",
"2016_1323_1328","0.39166167253307105",
"2016_1323_1332","0.4583568104168493",
"2016_1323_1333","0.8400482172937881",
"2016_1323_1338","0.45062400985083917",
"2016_1323_1344","0.6573091213994958",
"2016_1323_1345","0.6622511382110593",
"2016_1323_1355","0.7868968145008088",
"2016_1323_1371","0.8044856136913299",
"2016_1323_1372","0.569720810796825",
"2016_1323_1380","0.9087862413167894",
"2016_1323_1386","0.8132769863817071",
"2016_1323_1392","0.6712195502452185",
"2016_1323_1393","0.26715680227945116",
"2016_1323_1396","0.8233673174634201",
"2016_1323_1400","0.5728662811141947",
"2016_1323_1401","0.7658867105138987",
"2016_1323_1403","0.8925701352729032",
"2016_1323_1409","0.8236339890696429",
"2016_1323_1421","0.9436477041819514",
"2016_1323_1423","0.9379284316693061",
"2016_1323_1425","0.8951806998029158",
"2016_1323_1428","0.4556251004137686",
"2016_1323_1433","0.3159564667613113",
"2016_1323_1435","0.8007068047245777",
"2016_1323_1437","0.21095746898302803",
"2016_1323_1438","0.09572125543196408",
"2016_1323_1451","0.8821227968054591",
"2016_1323_1452","0.7599132854557356",
"2016_1323_1453","0.7872043171491991",
"2016_1323_1455","0.24176438113034893",
"2016_1323_1458","0.07868427051893678",
"2016_1323_1462","0.6039582887398722",
"2016_1323_1463","0.8588006959310095",
"2016_1328_1332","0.567920852118847",
"2016_1328_1333","0.8907981330702449",
"2016_1328_1338","0.5602515548244719",
"2016_1328_1344","0.7486938804855905",
"2016_1328_1345","0.7528136174722022",
"2016_1328_1355","0.8515302055956946",
"2016_1328_1371","0.8647016179252318",
"2016_1328_1372","0.6728370828666298",
"2016_1328_1380","0.9393026078977442",
"2016_1328_1386","0.8712187920864535",
"2016_1328_1392","0.7602478614578543",
"2016_1328_1393","0.3615222589470436",
"2016_1328_1396","0.878645220333566",
"2016_1328_1400","0.6756578868726584",
"2016_1328_1401","0.8355607588954209",
"2016_1328_1403","0.9280824118304459",
"2016_1328_1409","0.8788407166178309",
"2016_1328_1421","0.9629760207374095",
"2016_1328_1423","0.9591334523300392",
"2016_1328_1425","0.9298977980215504",
"2016_1328_1428","0.5652175622291531",
"2016_1328_1433","0.4177335625878117",
"2016_1328_1435","0.8618868308574995",
"2016_1328_1437","0.2934201078619183",
"2016_1328_1438","0.1411993040689904",
"2016_1328_1451","0.9207820639506762",
"2016_1328_1452","0.8309727362391053",
"2016_1328_1453","0.8517620132788838",
"2016_1328_1455","0.3312143713389464",
"2016_1328_1458","0.11711622799905663",
"2016_1328_1462","0.7031448068530055",
"2016_1328_1463","0.9042787445680359",
"2016_1332_1333","0.8612303210573927",
"2016_1332_1338","0.4922030720808963",
"2016_1332_1344","0.6938721974781659",
"2016_1332_1345","0.6985287663398522",
"2016_1332_1355","0.8135554423010221",
"2016_1332_1371","0.8294209017439736",
"2016_1332_1372","0.6100855126172526",
"2016_1332_1380","0.921713818691074",
"2016_1332_1386","0.8373177831958669",
"2016_1332_1392","0.7069601307767436",
"2016_1332_1393","0.301085007499897",
"2016_1332_1396","0.846354408743601",
"2016_1332_1400","0.6131362749252259",
"2016_1332_1401","0.7944872137178464",
"2016_1332_1403","0.9075622236718235",
"2016_1332_1409","0.8465928416247451",
"2016_1332_1421","0.951895953688467",
"2016_1332_1423","0.9469667607292747",
"2016_1332_1425","0.9098452752739175",
"2016_1332_1428","0.4972479477917975",
"2016_1332_1433","0.3530960757740085",
"2016_1332_1435","0.8260198050957315",
"2016_1332_1437","0.24008671454426456",
"2016_1332_1438","0.11118063943936152",
"2016_1332_1451","0.8984068904837155",
"2016_1332_1452","0.789042531016972",
"2016_1332_1453","0.8138335780208036",
"2016_1332_1455","0.2736720704477962",
"2016_1332_1458","0.09167104722656805",
"2016_1332_1462","0.6431230706517557",
"2016_1332_1463","0.8778605146827679",
"2016_1333_1338","0.13508387676451128",
"2016_1333_1344","0.2675161646025205",
"2016_1333_1345","0.27185237287074204",
"2016_1333_1355","0.41283297187613477",
"2016_1333_1371","0.4392964757571721",
"2016_1333_1372","0.20135054593442692",
"2016_1333_1380","0.6548251786618893",
"2016_1333_1386","0.4533507062454273",
"2016_1333_1392","0.2799154988564221",
"2016_1333_1393","0.06490746330651775",
"2016_1333_1396","0.4702210850718145",
"2016_1333_1400","0.20342373935375035",
"2016_1333_1401","0.38382181538103377",
"2016_1333_1403","0.6127009887732136",
"2016_1333_1409","0.47067816291656217",
"2016_1333_1421","0.7612496729138594",
"2016_1333_1423","0.7420783013936068",
"2016_1333_1425","0.6192110304096161",
"2016_1333_1428","0.1374592695180844",
"2016_1333_1433","0.08083883468038411",
"2016_1333_1435","0.43343029757062956",
"2016_1333_1437","0.04844121063386264",
"2016_1333_1438","0.01975716425281082",
"2016_1333_1451","0.587611696515469",
"2016_1333_1452","0.3760418824792595",
"2016_1333_1453","0.413277782519492",
"2016_1333_1455","0.05723683504576749",
"2016_1333_1458","0.016001429221439323",
"2016_1333_1462","0.22502813615744743",
"2016_1333_1463","0.5366286639642737",
"2016_1338_1344","0.7004570756816613",
"2016_1338_1345","0.7050560572969125",
"2016_1338_1355","0.8182402741608313",
"2016_1338_1371","0.8337885250416294",
"2016_1338_1372","0.6174790977611286",
"2016_1338_1380","0.9239350305762009",
"2016_1338_1386","0.841521843344314",
"2016_1338_1392","0.7133797748512293",
"2016_1338_1393","0.30768889435245816",
"2016_1338_1396","0.8503666753320283",
"2016_1338_1400","0.6205079950207439",
"2016_1338_1401","0.7995331149932022",
"2016_1338_1403","0.9101458155590569",
"2016_1338_1409","0.8505999809226998",
"2016_1338_1421","0.9533041933063199",
"2016_1338_1423","0.9485114964863866",
"2016_1338_1425","0.9123712180866492",
"2016_1338_1428","0.5050453087508147",
"2016_1338_1433","0.36025273802434",
"2016_1338_1435","0.8304567114041825",
"2016_1338_1437","0.24582326023873557",
"2016_1338_1438","0.11430042539379792",
"2016_1338_1451","0.901218518136384",
"2016_1338_1452","0.7941874837644413",
"2016_1338_1453","0.8185129801534926",
"2016_1338_1455","0.2799154988564221",
"2016_1338_1458","0.09430146694753516",
"2016_1338_1462","0.6502493334665271",
"2016_1338_1463","0.8811655571528553",
"2016_1344_1345","0.5055039376737026",
"2016_1344_1355","0.6581351990823298",
"2016_1344_1371","0.6820575224836841",
"2016_1344_1372","0.40839280115672505",
"2016_1344_1380","0.8385635172768344",
"2016_1344_1386","0.6942617782216125",
"2016_1344_1392","0.5155900648280236",
"2016_1344_1393","0.1597054102780462",
"2016_1344_1396","0.7084781956956541",
"2016_1344_1400","0.41149939617499875",
"2016_1344_1401","0.6303930849418615",
"2016_1344_1403","0.8124396965932221",
"2016_1344_1409","0.7088569879762909",
"2016_1344_1421","0.8972286687059902",
"2016_1344_1423","0.8873606127039503",
"2016_1344_1425","0.8165973433042266",
"2016_1344_1428","0.3037944892964196",
"2016_1344_1433","0.19407551361558695",
"2016_1344_1435","0.6768629240688221",
"2016_1344_1437","0.12233634304191765",
"2016_1344_1438","0.052300929118373585",
"2016_1344_1451","0.7959810082089727",
"2016_1344_1452","0.622665773839244",
"2016_1344_1453","0.6585478788660135",
"2016_1344_1455","0.14253947550168944",
"2016_1344_1458","0.04262782028151546",
"2016_1344_1462","0.44291498851920474",
"2016_1344_1463","0.7602478614578544",
"2016_1345_1355","0.653164498266823",
"2016_1345_1371","0.6772640828349135",
"2016_1345_1372","0.40308432314140885",
"2016_1345_1380","0.835560758895421",
"2016_1345_1386","0.6895685910770668",
"2016_1345_1392","0.5100895901738915",
"2016_1345_1393","0.1567728755958211",
"2016_1345_1396","0.7039101657124556",
"2016_1345_1400","0.40617826145502245",
"2016_1345_1401","0.625248698914845",
"2016_1345_1403","0.8090616688046317",
"2016_1345_1409","0.7042924161229915",
"2016_1345_1421","0.8951806998029159",
"2016_1345_1423","0.8851411723036866",
"2016_1345_1425","0.8132769863817071",
"2016_1345_1428","0.2991581105797495",
"2016_1345_1433","0.1906550627307413",
"2016_1345_1435","0.6720288270886478",
"2016_1345_1437","0.11999200046957237",
"2016_1345_1438","0.05122035708795114",
"2016_1345_1451","0.7923823050014163",
"2016_1345_1452","0.6174790977611286",
"2016_1345_1453","0.6535800200193913",
"2016_1345_1455","0.1398696776782279",
"2016_1345_1458","0.04173829925775119",
"2016_1345_1462","0.43748961198716174",
"2016_1345_1463","0.7562119032160537",
"2016_1355_1371","0.5270357253690934",
"2016_1355_1372","0.26393637727126873",
"2016_1355_1380","0.7295979137989542",
"2016_1355_1386","0.5411876565958778",
"2016_1355_1392","0.35603517795686523",
"2016_1355_1393","0.08985418444094306",
"2016_1355_1396","0.5579902232516013",
"2016_1355_1400","0.26643899857224074",
"2016_1355_1401","0.46976405717010783",
"2016_1355_1403","0.692311105647542",
"2016_1355_1409","0.5584426850671371",
"2016_1355_1421","0.8193291872762234",
"2016_1355_1423","0.8036184213895465",
"2016_1355_1425","0.6981422587154964",
"2016_1355_1428","0.18478054337933236",
"2016_1355_1433","0.11118063943936152",
"2016_1355_1435","0.5210867649550608",
"2016_1355_1437","0.0675161930513406",
"2016_1355_1438","0.02786785372161682",
"2016_1355_1451","0.6695979474749723",
"2016_1355_1452","0.4615469609149948",
"2016_1355_1453","0.5004586798713329",
"2016_1355_1455","0.07948600762111302",
"2016_1355_1458","0.022605874684597738",
"2016_1355_1462","0.29228025821842607",
"2016_1355_1463","0.62223460375602",
"2016_1371_1372","0.24345001515245335",
"2016_1371_1380","0.7077197417815737",
"2016_1371_1386","0.5142152481123932",
"2016_1371_1392","0.33162090853606885",
"2016_1371_1393","0.08138582238842362",
"2016_1371_1396","0.5311498457608792",
"2016_1371_1400","0.24582326023873535",
"2016_1371_1401","0.44291498851920474",
"2016_1371_1403","0.6687856286610534",
"2016_1371_1409","0.5316067192693618",
"2016_1371_1421","0.8027483258014707",
"2016_1371_1423","0.7859723632203292",
"2016_1371_1425","0.6748532322373838",
"2016_1371_1428","0.16902726376089472",
"2016_1371_1433","0.10092523141062204",
"2016_1371_1435","0.49403744266595184",
"2016_1371_1437","0.06101196181288049",
"2016_1371_1438","0.025080447471368172",
"2016_1371_1451","0.6452257811642811",
"2016_1371_1452","0.4347824377708469",
"2016_1371_1453","0.47342163613639743",
"2016_1371_1455","0.07191758816955407",
"2016_1371_1458","0.02033377480749643",
"2016_1371_1462","0.27040208620104567",
"2016_1371_1463","0.5964741513533249",
"2016_1372_1380","0.882693928612713",
"2016_1372_1386","0.766872185120749",
"2016_1372_1392","0.6065883618074784",
"2016_1372_1393","0.2158852835028442",
"2016_1372_1396","0.7787880986572748",
"2016_1372_1400","0.503210715867848",
"2016_1372_1401","0.7118768540892592",
"2016_1372_1403","0.8625407304819156",
"2016_1372_1409","0.7791040173939522",
"2016_1372_1421","0.9267236677401176",
"2016_1372_1423","0.9194334000604906",
"2016_1372_1425","0.8657712762531471",
"2016_1372_1428","0.38729901122678667",
"2016_1372_1433","0.25862464606947466",
"2016_1372_1435","0.7521301554511985",
"2016_1372_1437","0.1679989686538419",
"2016_1372_1438","0.07402739380566792",
"2016_1372_1451","0.8496649569656517",
"2016_1372_1452","0.7050560572969125",
"2016_1372_1453","0.7364199066493713",
"2016_1372_1455","0.19407551361558695",
"2016_1372_1458","0.06059287308101924",
"2016_1372_1462","0.5352597361366891",
"2016_1372_1463","0.821222537026582",
"2016_1380_1386","0.30418267844228775",
"2016_1380_1392","0.17006056640289635",
"2016_1380_1393","0.035297754153438166",
"2016_1380_1396","0.3187387451946898",
"2016_1380_1400","0.1186424584603234",
"2016_1380_1401","0.24718638252779768",
"2016_1380_1403","0.4547151152193336",
"2016_1380_1409","0.3191372767155962",
"2016_1380_1421","0.6269667052912102",
"2016_1380_1423","0.602640983549912",
"2016_1380_1425","0.4615469609149948",
"2016_1380_1428","0.07749552743743182",
"2016_1380_1433","0.0443058471451141",
"2016_1380_1435","0.287371099219237",
"2016_1380_1437","0.026133204123180875",
"2016_1380_1438","0.010512714980265847",
"2016_1380_1451","0.4289304258770634",
"2016_1380_1452","0.2410923576164733",
"2016_1380_1453","0.2707642010041097",
"2016_1380_1455","0.031010295641596186",
"2016_1380_1458","0.008499065451081589",
"2016_1380_1462","0.13274321519511156",
"2016_1380_1463","0.3790600647300689",
"2016_1386_1392","0.3191372767155962",
"2016_1386_1393","0.07723360564508064",
"2016_1386_1396","0.5169646456178687",
"2016_1386_1400","0.23543174871894834",
"2016_1386_1401","0.4289304258770634",
"2016_1386_1403","0.6560682169117549",
"2016_1386_1409","0.5174227831986999",
"2016_1386_1421","0.7935870526363189",
"2016_1386_1423","0.7762491114053831",
"2016_1386_1425","0.6622511382110595",
"2016_1386_1428","0.1611882622280132",
"2016_1386_1433","0.09588018424295963",
"2016_1386_1435","0.4798290332561491",
"2016_1386_1437","0.05783375598835738",
"2016_1386_1438","0.023726673394242948",
"2016_1386_1451","0.6321013842811531",
"2016_1386_1452","0.42086066484967766",
"2016_1386_1453","0.45926794524384607",
"2016_1386_1455","0.0682125605013777",
"2016_1386_1458","0.019231159141797072",
"2016_1386_1462","0.2593288398535787",
"2016_1386_1463","0.582712632983138",
"2016_1392_1393","0.15151059003230283",
"2016_1392_1396","0.6954288533822803",
"2016_1392_1400","0.3964806464402286",
"2016_1392_1401","0.615744176125629",
"2016_1392_1403","0.8027483258014707",
"2016_1392_1409","0.6958173215577121",
"2016_1392_1421","0.8913324096612885",
"2016_1392_1423","0.8809733040565143",
"2016_1392_1425","0.8070697856352226",
"2016_1392_1428","0.2907645099337204",
"2016_1392_1433","0.18450432704809072",
"2016_1392_1435","0.6630714093325235",
"2016_1392_1437","0.11579477371488811",
"2016_1392_1438","0.04929395954205207",
"2016_1392_1451","0.7856635650417974",
"2016_1392_1452","0.6079010951437989",
"2016_1392_1453","0.6443853646768984",
"2016_1392_1455","0.13508387676451128",
"2016_1392_1458","0.04015342932126942",
"2016_1392_1462","0.42758271734958375",
"2016_1392_1463","0.7486938804855907",
"2016_1393_1396","0.9274677061090012",
"2016_1393_1400","0.7862808375289083",
"2016_1393_1401","0.8997387460248653",
"2016_1393_1403","0.9579671841549376",
"2016_1393_1409","0.9275910334608409",
"2016_1393_1421","0.9786939085292982",
"2016_1393_1423","0.9764427294788302",
"2016_1393_1425","0.9590614771668423",
"2016_1393_1428","0.6965934204677539",
"2016_1393_1433","0.5588950498617953",
"2016_1393_1435","0.9168131006725305",
"2016_1393_1437","0.4230982190336424",
"2016_1393_1438","0.22502813615744743",
"2016_1393_1451","0.9535486022540781",
"2016_1393_1452","0.8967200226740853",
"2016_1393_1453","0.9102957468470925",
"2016_1393_1455","0.4665663241364014",
"2016_1393_1458","0.1898071852232488",
"2016_1393_1462","0.8070697856352226",
"2016_1393_1463","0.9434522574624638",
"2016_1396_1400","0.22343238415068012",
"2016_1396_1401","0.41238830348453115",
"2016_1396_1403","0.6405925259963107",
"2016_1396_1409","0.5004586798713329",
"2016_1396_1421","0.7822454133875565",
"2016_1396_1423","0.7642378347075318",
"2016_1396_1425","0.6469039242259913",
"2016_1396_1428","0.15221953611195782",
"2016_1396_1433","0.09015472472608255",
"2016_1396_1435","0.4629151483896732",
"2016_1396_1437","0.054243921018109265",
"2016_1396_1438","0.022204027062585174",
"2016_1396_1451","0.6161781846189662",
"2016_1396_1452","0.4044093679875229",
"2016_1396_1453","0.44246233485424635",
"2016_1396_1455","0.06402227310864184",
"2016_1396_1458","0.017991693286455224",
"2016_1396_1462","0.24650418740420177",
"2016_1396_1463","0.5661190981284857",
"2016_1400_1401","0.7092354900662796",
"2016_1400_1403","0.8610109034398373",
"2016_1400_1409","0.7768857972235962",
"2016_1400_1421","0.925846742688825",
"2016_1400_1423","0.9184769045698262",
"2016_1400_1425","0.8642717453275295",
"2016_1400_1428","0.38425582387437107",
"2016_1400_1433","0.25616979182999844",
"2016_1400_1435","0.7497280773688463",
"2016_1400_1437","0.16621147495837074",
"2016_1400_1438","0.07315183959394311",
"2016_1400_1451","0.8480170811616221",
"2016_1400_1452","0.7023783061042834",
"2016_1400_1453","0.7339194423921933",
"2016_1400_1455","0.19207462006415232",
"2016_1400_1458","0.05986594186151595",
"2016_1400_1462","0.532063539793217",
"2016_1400_1463","0.8193291872762234",
"2016_1401_1403","0.7174885198830825",
"2016_1401_1409","0.5880562219754859",
"2016_1401_1421","0.8365666318825888",
"2016_1401_1423","0.8220292079515182",
"2016_1401_1425","0.7230334127772059",
"2016_1401_1428","0.20372120378620495",
"2016_1401_1433","0.12372200422470081",
"2016_1401_1435","0.551192151780983",
"2016_1401_1437","0.07555080160778238",
"2016_1401_1438","0.03134279413741925",
"2016_1401_1451","0.6958173215577121",
"2016_1401_1452","0.49174451030579347",
"2016_1401_1453","0.5306929200276472",
"2016_1401_1455","0.08880939318321912",
"2016_1401_1458","0.025441852301929302",
"2016_1401_1462","0.317942477516316",
"2016_1401_1463","0.6502493334665271",
"2016_1403_1409","0.35982999732462695",
"2016_1403_1421","0.6683790914639312",
"2016_1403_1423","0.6452257811642811",
"2016_1403_1425","0.5068797657807895",
"2016_1403_1428","0.0915183891503153",
"2016_1403_1433","0.052665882137943765",
"2016_1403_1435","0.3259524556141211",
"2016_1403_1437","0.031176115887453948",
"2016_1403_1438","0.012580286567419607",
"2016_1403_1451","0.47387904224947164",
"2016_1403_1452","0.27586569986654297",
"2016_1403_1453","0.3080798577094469",
"2016_1403_1455","0.03695862115130366",
"2016_1403_1458","0.010174678005039017",
"2016_1403_1462","0.15508256238037188",
"2016_1403_1463","0.42265045265715306",
"2016_1409_1421","0.7819327298879947",
"2016_1409_1423","0.7639070976051862",
"2016_1409_1425","0.6464847260155142",
"2016_1409_1428","0.1519829188383779",
"2016_1409_1433","0.09000434154625081",
"2016_1409_1435","0.4624590228176849",
"2016_1409_1437","0.05414987403844851",
"2016_1409_1438","0.0221642283411303",
"2016_1409_1451","0.615744176125629",
"2016_1409_1452","0.40396753048229506",
"2016_1409_1453","0.4420097767483987",
"2016_1409_1455","0.06391241831180816",
"2016_1409_1458","0.01795930611838381",
"2016_1409_1462","0.2461635652612274",
"2016_1409_1463","0.5656683844887234",
"2016_1421_1423","0.47433649220668483",
"2016_1421_1425","0.33774886178894037",
"2016_1421_1428","0.04760247501030701",
"2016_1421_1433","0.026842825149094196",
"2016_1421_1435","0.19350221994606476",
"2016_1421_1437","0.015715096196226908",
"2016_1421_1438","0.0062816121198834285",
"2016_1421_1451","0.30886261034156703",
"2016_1421_1452","0.15896813705116353",
"2016_1421_1453","0.18094256338937798",
"2016_1421_1455","0.018685219408357212",
"2016_1421_1458","0.0050742496996291075",
"2016_1421_1462","0.08346718429069577",
"2016_1421_1463","0.26643899857224074",
"2016_1423_1425","0.3610988693817452",
"2016_1423_1428","0.052483105977177646",
"2016_1423_1433","0.029661279852497335",
"2016_1423_1435","0.2100427348418773",
"2016_1423_1437","0.017386030800105257",
"2016_1423_1438","0.006956604419804391",
"2016_1423_1451","0.3312143713389466",
"2016_1423_1452","0.17319060497444227",
"2016_1423_1453","0.19667128781709142",
"2016_1423_1455","0.020665327087164065",
"2016_1423_1458","0.005620238314389625",
"2016_1423_1462","0.09167104722656805",
"2016_1423_1463","0.2869955154619047",
"2016_1425_1428","0.08925581162013263",
"2016_1425_1433","0.05130959211750763",
"2016_1425_1435","0.3199351330864154",
"2016_1425_1437","0.030355512635411475",
"2016_1425_1438","0.012242968690836298",
"2016_1425_1451","0.46702298115068364",
"2016_1425_1452","0.2704020862010458",
"2016_1425_1453","0.30224453002951324",
"2016_1425_1455","0.035991467820503775",
"2016_1425_1458","0.009901215432281618",
"2016_1425_1462","0.15151059003230283",
"2016_1425_1463","0.4159495954811445",
"2016_1428_1433","0.35561463532310145",
"2016_1428_1435","0.8275961494167235",
"2016_1428_1437","0.24210087099353106",
"2016_1428_1438","0.1122731413172341",
"2016_1428_1451","0.8994072438695447",
"2016_1428_1452","0.7908690841804242",
"2016_1428_1453","0.8154956729519092",
"2016_1428_1455","0.27586569986654286",
"2016_1428_1458","0.09259181169388586",
"2016_1428_1462","0.6456456539593205",
"2016_1428_1463","0.8790359413250454",
"2016_1433_1435","0.8968898183708547",
"2016_1433_1437","0.3666195608197147",
"2016_1433_1438","0.18644455769897805",
"2016_1433_1451","0.9418655968255487",
"2016_1433_1452","0.8726528807747022",
"2016_1433_1453","0.8890005373848049",
"2016_1433_1455","0.40839280115672505",
"2016_1433_1458","0.15604662623524945",
"2016_1433_1462","0.7675275622759381",
"2016_1433_1463","0.9294178799966956",
"2016_1435_1437","0.06239278677149629",
"2016_1435_1438","0.025670300644842214",
"2016_1435_1451","0.6506664798054858",
"2016_1435_1452","0.4406526830943499",
"2016_1435_1453","0.47937111681988087",
"2016_1435_1455","0.07352590310401586",
"2016_1435_1458","0.020814376987693173",
"2016_1435_1462","0.2751332817285709",
"2016_1435_1463","0.602201550010032",
"2016_1437_1438","0.28362850079014146",
"2016_1437_1451","0.9655054870996511",
"2016_1437_1452","0.9221100641118177",
"2016_1437_1453","0.9325992251888678",
"2016_1437_1455","0.5439197954666959",
"2016_1437_1458","0.24210087099353106",
"2016_1437_1462","0.8508329865574553",
"2016_1437_1463","0.9578932451066491",
"2016_1438_1451","0.9860521672033838",
"2016_1438_1452","0.9676388857116451",
"2016_1438_1453","0.9721818080792365",
"2016_1438_1455","0.7507594350650735",
"2016_1438_1458","0.44653957001681455",
"2016_1438_1462","0.9350925366934824",
"2016_1438_1463","0.9828938277962871",
"2016_1451_1452","0.2972383009480618",
"2016_1451_1453","0.3308080858521053",
"2016_1451_1455","0.040866547669960784",
"2016_1451_1458","0.01128370969035497",
"2016_1451_1462","0.1692851196244105",
"2016_1451_1463","0.4483540191054588",
"2016_1452_1453","0.5389089739072149",
"2016_1452_1455","0.0915183891503153",
"2016_1452_1458","0.026273652392996505",
"2016_1452_1462","0.325146767762616",
"2016_1452_1463","0.6577222797644984",
"2016_1453_1455","0.07935186839024255",
"2016_1453_1458","0.022565372309796605",
"2016_1453_1462","0.29190088647120693",
"2016_1453_1463","0.6218032402356546",
"2016_1455_1458","0.21126302818383091",
"2016_1455_1462","0.8270719613828199",
"2016_1455_1463","0.9501875787121953",
"2016_1458_1462","0.9469667607292747",
"2016_1458_1463","0.9861527417451607",
"2016_1462_1463","0.7995331149932022",
